Name,Countries,Sovereigns,Islands,Glottocode
'ARE'ARE,,,Solomon Islands,area1240
'LOW-COUNTRY SEMANG'/Meni Gul,Malaysia,North-Western Malaysia,,
'LOW-COUNTRY SEMANG'/Semang of Juru',Malaysia,North-Western Malaysia,,
(KAMBERA)EAST SUMBANESE/Kambera,Indonesia,Indonesia,,nucl1521
(KAMBERA)EAST SUMBANESE/Kanatang,Indonesia,Indonesia,,kana1287
(KAMBERA)EAST SUMBANESE/Lewa,Indonesia,Indonesia,,lewa1240
(KAMBERA)EAST SUMBANESE/Mangili-Waijelo,Indonesia,Indonesia,,mang1406
(KAMBERA)EAST SUMBANESE/Melolo,Indonesia,Indonesia,,melo1243
(KAMBERA)EAST SUMBANESE/Southern,Indonesia,Indonesia,,sout2885
(KAMBERA)EAST SUMBANESE/Umbu Ratu Nggai,Indonesia,Indonesia,,umar1237
?,Indonesia; Taiwan,Borneo; Taiwan,,
? BAPU,Indonesia,,,
? KUWANI,Indonesia,,,
ABAGA,,,Papua New Guinea,abag1245
ABAI SUNGAI,,,,abai1240
ABASAKUR,,,Papua New Guinea,pall1244
ABAU,,,,
ABORLAN-TAGBANWA,Philippines,Philippines,,tagb1258
ABUI,East Timor,East Timor,,abui1241
ACEHNESE,Indonesia,Indonesia,,achi1257
ADABE,East Timor,East Timor,,adab1235
ADASEN,Philippines,Philippines,,adas1235
ADJORA,,,Papua New Guinea,abuu1241
ADYNYAMATHANHA,Australia,Australia,,adny1235
AEKA,,,Papua New Guinea,aeka1244
AFIFAMA-MANIAP,,,Papua New Guinea,
AGAATAHA,,,Papua New Guinea,
AGALA,,,Papua New Guinea,
AGARABI,,,Papua New Guinea,agar1252
AGARLUMA,Australia,Australia,,
AGHU,Indonesia,,,aghu1255
AGI,,,Papua New Guinea,agii1245
AGOB,,,Papua New Guinea,agob1245
AGTA,Philippines,Philippines,,agta1234
AGUSAN MANOBO,Philippines,Philippines,,
AIKL,,,Papua New Guinea,
AIKWAKAI,,,,
AIOME,,,Papua New Guinea,
AION Others,,,Papua New Guinea,
AIRORAN,Indonesia,,,
AJIE,,,New Caledonia,ajie1238
AK,,,Papua New Guinea,
AKEI,,,,akei1237
AKHA,Burma; Laos; Thailand,Laos; Thailand,,akha1245
AKHA/LAHU,Burma/Tailand,,,
AKLANON,Philippines,Philippines,,akla1240
AKRUKAI,,,Papua New Guinea,
ALAK,Laos,Laos,,
ALAMBLAK Karawari,,,Papua New Guinea,
ALANGAN,Philippines,Philippines,,
ALAS-KLUET,Indonesia,Indonesia,,
ALAWA,Australia,Australia,,
ALBAY BIKOL,Philippines,Philippines,,
ALFENDIO,,,Papua New Guinea,
ALI,,,Papua New Guinea,
ALU,,,Papua New Guinea,
ALYAWARRA,Australia,Australia,,alya1239
AMA,,,Papua New Guinea,
AMAHAI,Indonesia,Indonesia,,
AMAIMON,,,Papua New Guinea,
AMANAB,,,Papua New Guinea,
AMBASI,,,Papua New Guinea,
AMBLONG,,,,
AMELE,,,Papua New Guinea,amel1241
AMI_Central,Taiwan,Taiwan,,
AMI_Northern,Taiwan,Taiwan,,
AMI_Sakizaya,Taiwan,Taiwan,,
AMI_Southern,Taiwan,Taiwan,,
AMI_Tayalong-Vataan,Taiwan,Taiwan,,
AMPANANG,Indonesia,Borneo,,ampa1239
AMTO,,,Papua New Guinea,
ANAKALANGU,Indonesia,Indonesia,,
ANAL,,,Papua New Guinea,
ANDARUM,,,Papua New Guinea,anda1284
ANDEGEREBINHA,Australia,Australia,,ande1247
ANEITYUM,,,Vanuatu,anei1239
ANEM,,,Papua New Guinea,
ANGAUA,,,Papua New Guinea,
ANGGOR,,,Papua New Guinea,
ANGKOLA-MANDAILING,Indonesia,Indonesia,,
ANGORAM,,,Papua New Guinea,
ANKAVE,,,Papua New Guinea,
ANMATJIRRA,Australia,Australia,,anma1239
ANOR,,,Papua New Guinea,
ANUKI,,,Papua New Guinea,
ANUTA,,,,
AOHENG P.,,,,
AOMIE(OMIE),,,Papua New Guinea,
AORE,,,,
APMA,,,Vanuatu,apma1240
ARAKI,,,,
ARAMO,,,Papua New Guinea,
ARANDAI,Indonesia,,,
ARAWE,,,Papua New Guinea,
ARAWUM,,,Papua New Guinea,
AREM/MAY/RUC,Laos,Laos,,
ARHA,,,New Caledonia,
ARHO,,,New Caledonia,arho1237
ARI-WARUNA Waruna,,,Papua New Guinea,
ARIFAMA-MANIAP,,,Papua New Guinea,
ARIFAMA-MINIAFIA,,,Papua New Guinea,mini1252
ARIGIBI,,,Papua New Guinea,
AROS,,,Solomon Islands,aros1241
ARU,,,Papua New Guinea,
ARUEK,,,Papua New Guinea,
ARUOP,,,Papua New Guinea,
ASARO,,,Papua New Guinea,
ASAS,,,Papua New Guinea,
ASAT,,,Papua New Guinea,
ASU-ULU,Indonesia,Indonesia,,
ASUWERI,Indonesia,,,
ATA MANOBO,Philippines,Philippines,,
ATAMANU,Indonesia,Indonesia,,
ATAYAL,Taiwan,Taiwan,,atay1247
ATAYAL_SEDEQ,Taiwan,Taiwan,,taro1264
ATAYAL_Ts'ole',Taiwan,Taiwan,,
ATAYAL_Ts'ole' and Sqoleq,Taiwan,Taiwan,,sqol1237
ATCHIN,,,Vanuatu,atch1238
ATEMPLE,,,Papua New Guinea,
ATINGGOLA,Indonesia,Sulawesi,,
ATTA,Philippines,Philippines,,atta1244
ATURU,,,,
AU,,,Papua New Guinea,
AULUA,,,Vanuatu,aulu1238
AUQU,,,Papua New Guinea,
AUSTRAL,,,,
AUSTRONESIAN,Indonesia,,Papua New Guinea,aust1307
AUTU,,,Papua New Guinea,
AUYANA,,,Papua New Guinea,
AWAEAKAL,Australia,Australia,,awab1243
AWAR,,,Papua New Guinea,
AWUN,,,Papua New Guinea,
AWYI,Indonesia,,,
AXAMR,,,Vanuatu,
AZUKURU(Extinct),,,Solomon Islands,kazu1245
Abai,,,,
Adi,Indonesia,,,
Adiba,,,,
Adzera Family,,,Papua New Guinea,
Adzrac,,,Papua New Guinea,
Afore,,,,
Agufi,,,Solomon Islands,
Akabard,,,Papua New Guinea,
Alas/Kluet,Indonesia,Indonesia,,
Alepa,,,Papua New Guinea,
Allang,Indonesia,Indonesia,,
Aloma,,,Papua New Guinea,
Amari,,,Papua New Guinea,
Amberbaken,Indonesia,,,
Ambon Malay,Indonesia,Indonesia,,
Ampana,Indonesia,Sulawesi,,
Ampibabo,Indonesia,Sulawesi,,
Amugen,,,Papua New Guinea,
Amung UHUNDUNI,Indonesia,,,
Anambas Island,Indonesia,,,
Angan Stock-Level Family,,,Papua New Guinea,anga1289
Anir,,,,
Apmisibil,,,Papua New Guinea,
Apos,,,Papua New Guinea,
Aradnic Group,Australia,Australia,,aran1267
Arandic Group,Australia,Australia,,aran1267
Ari,,,Papua New Guinea,
Aria,,,Papua New Guinea,
Arop,,,Papua New Guinea,
Arrota,,,Papua New Guinea,
Asapa,,,Papua New Guinea,
Asera Wanua,Indonesia,Sulawesi,,
Asiaoro,,,,
Asimbali,,,Papua New Guinea,
Asmaun,Indonesia,,,
Atbalmin,,,Papua New Guinea,
Atih,Indonesia,,,
Aua,,,Papua New Guinea,
Auga,,,Papua New Guinea,
Augu,,,Papua New Guinea,
Aurei,,,,
Austronesian,Christmas I.; Indonesia,Australia,Carolin Islands; Marshall Islands; Papua New Guinea; Solomon Islands,aust1307
Auwaka,,,Papua New Guinea,
Avaso,,,Solomon Islands,
Averi,,,Papua New Guinea,
Awara,,,Papua New Guinea,awar1248
Awyu-dumut Family,,,Papua New Guinea,
B G NAMBAS,,,Vanuatu,bign1238
BABURIWA,Indonesia,,,
BABUYAN,Philippines,Philippines,,
BABUZA,Taiwan,Taiwan,,
BADA,Indonesia,Sulawesi,,
BAETORA,,,Vanuatu,baet1237
BAGOBO,Philippines,Philippines,,
BAGUPI,,,Papua New Guinea,
BAHAM,Indonesia,,,
BAHAU,Indonesia,Borneo,,
BAHINEMO,,,Papua New Guinea,
BAHNAR,Laos,Laos,,
BAIMAK,,,Papua New Guinea,
BAINAPI,,,Papua New Guinea,
BAINING,,,Papua New Guinea,
BAJO,East Timor; Indonesia,East Timor; Sulawesi,,
BAJO Ampana,Indonesia,Sulawesi,,
BAKI,,,Vanuatu,
BAKUNG K. Boh BAKUNG,,,,
BALAESAN,Indonesia,Sulawesi,,
BALANGAW,Philippines,Philippines,,
BALI MALAY,Indonesia,Indonesia,,
BALI-VITU,,,,
BALINESE/Standard,Indonesia,Indonesia,,bali1278
BAM,,,Papua New Guinea,
BAMU KIWAI,,,Papua New Guinea,
BANARO,,,Papua New Guinea,
BANDJIGALI BANDJIGALI,Australia,Australia,,
BANDYIN,Australia,Australia,,
BANGGAI East Baggai,Indonesia,Sulawesi,,
BANGGAI West Banggai,Indonesia,Sulawesi,,
BANIATA,,,Solomon Islands,
BANONI,,,Papua New Guinea,
BANTIK,Indonesia,Sulawesi,,
BANTON_Dispohol,Philippines,Philippines,,
BARAI,,,Papua New Guinea,
BARAM KY Uma Bawang,,,,
BARAU,Indonesia,,,
BARIAI,,,Papua New Guinea,
BARIJI,,,Papua New Guinea,
BARIM,,,Papua New Guinea,
BAROPAST,Indonesia,,,
BARROW POINT,Australia,Australia,,
BARUGA,,,Papua New Guinea,
BARUYA,,,Papua New Guinea,
BASAP Berau B.,Indonesia,Borneo,,
BASAP Jembayan,Indonesia,Borneo,,
BASAP Karangan,Indonesia,Borneo,,
BASAY,Taiwan,Taiwan,,
BASAY?_Linaw-Qauqaul,Taiwan,Taiwan,,
BASAY_Trobiawan,Taiwan,Taiwan,,
BATAK,Philippines,Philippines,,
BATANGAN,Philippines,Philippines,,
BATEK/Batek De,Malaysia,Malaysia,,
BATEK/Batek Hapen,Malaysia,Southern Malaysia,,
BATEK/Batek lga',Malaysia,Malaysia,,
BATEK/Mintil,Malaysia,Malaysia,,
BAU,,,Papua New Guinea,
BAUKAN p.,,,,
BAURO,,,Solomon Islands,
BAUWAKI,,,Papua New Guinea,
BAUZI,Indonesia,,,
BAYALI,Australia,Australia,,
BAiBAI,,,Papua New Guinea,
BE,China,China,,
BEAMI Bedamini,,,Papua New Guinea,
BEAUFORT MUDUT Dialects / Bintaq,,,,beau1239
BEAUFORT MUDUT Dialects / Bukow,,,,buka1260
BELI,,,Papua New Guinea,
BEMAL,,,Papua New Guinea,
BENARENA,,,Papua New Guinea,
BEPOUR,,,Papua New Guinea,
BERAWAN Dialects / Batu Baleh,,,,
BERAWAN Dialects / Long Jegan,,,,east2486
BERAWAN Dialects / Long Pata,,,,
BERAWAN Dialects / Long Terawan,,,,west2564
BERAWAN Dialects / W. Berawan,,,,west2564
BESISI,Malaysia,Southern Malaysia,,besi1244
BESISI/Betise',Malaysia,Southern Malaysia,,beti1247
BESISI/Sakai of Ulu Langat,Malaysia,Southern Malaysia,,
BESISI/Sisi',Malaysia,Southern Malaysia,,sisi1247
BIAK,Indonesia,Indonesia,,biak1248
BIAKA,,,Papua New Guinea,
BIAN MARIND,Indonesia,,,
BIANGAI,,,Papua New Guinea,
BIATAH,Indonesia,Borneo,,
BIEREBO,,,Vanuatu,
BIERIA,,,Vanuatu,bier1246
BIKARU,,,Papua New Guinea,
BIKSI,Indonesia,,,
BILAKURA,,,Papua New Guinea,bila1257
BILBIL,,,Papua New Guinea,
BILIAU,,,Papua New Guinea,bili1252
BILUA,,,Solomon Islands,bilu1245
BIMA,Indonesia,Indonesia,,bima1247
BIMA/Bima,Indonesia,Indonesia,,nucl1518
BIMIN,,,Papua New Guinea,bimi1240
BINA,,,Papua New Guinea,
BINAHARI Nemee,,,Papua New Guinea,bina1275
BINANDERE,,,Papua New Guinea,bina1277
BINTAUNA,Indonesia,Sulawesi,,bint1245
BINTULU,Indonesia,Borneo,,bint1246
BINUKID,Philippines,Philippines,,binu1244
BINUMARIEN,,,,
BIPIM,,,,
BIRAPO,,,Solomon Islands,
BIRBAY,Australia,Australia,,
BIRRIA,Australia,Australia,,pirr1240
BISIS,,,Papua New Guinea,bisi1244
BIT,Laos,Laos,,
BIWAT,,,Papua New Guinea,biwa1243
BIYOM,,,Papua New Guinea,biyo1244
BLAAN,Philippines,Philippines,,blaa1241
BLABLANGA,,,Solomon Islands,blab1237
BLAGAR,Indonesia,,,blag1240
BO,Laos,Laos,Papua New Guinea,
BOANO,,,,
BOAZI Kuini,,,Papua New Guinea,kuni1265
BOBOT,Indonesia,Indonesia,,bobo1254
BOHUTU,,,Papua New Guinea,
BOIANAKI(GALAVI),,,Papua New Guinea,
BOIKEN,,,Papua New Guinea,
BOIKEN Coastal A,,,Papua New Guinea,
BOIKEN Coastal B,,,Papua New Guinea,
BOIKEN Island,,,,
BOKANAKI(GALAVI),,,Papua New Guinea,
BOLA,,,Papua New Guinea,bola1250
BOLA'ANG - MONGONDOW,Indonesia,Sulawesi,,
BOLANGO,Indonesia,Sulawesi,,
BOLANO,Indonesia,Sulawesi,,
BOLINAO,Philippines,Philippines,,
BOM,,,Papua New Guinea,
BONERIF,Indonesia,,,
BONGO,Indonesia,,,
BONGU,,,Papua New Guinea,
BONKIMAN,,,Papua New Guinea,
BONTOK,Philippines,Philippines,,
BORAI,Indonesia,,,
BOSILEWA,,,Papua New Guinea,
BOSMAN,,,Papua New Guinea,
BOTOLAN,Philippines,Philippines,,
BOUYE,,,Papua New Guinea,
BRAGAT,,,Papua New Guinea,
BRAO,Laos,Laos,,
BRAT,Indonesia,,,
BRAT Yak,Indonesia,,,
BRERI,,,Papua New Guinea,
BRU,Laos,Laos,,
BUGIS,Indonesia,Sulawesi,,bugi1245
BUGIS Campaiagian,Indonesia,Sulawesi,,camp1262
BUGIS Luwu,Indonesia,Sulawesi,,luwu1237
BUGIS Luwu Wajo Palakka,Indonesia,Sulawesi,,wajo1237
"BUGIS, KAILI Palu, MANDAR",Indonesia,Sulawesi,,
BUGOTO,,,Solomon Islands,bugh1239
BUGOTU,,,Solomon Islands,bugh1239
BUHID,Philippines,Philippines,,
BUIN,,,Papua New Guinea,
BUKAR SADONG,Indonesia,Borneo,,
BUKAT,,,,
BUKAWAC,,,Papua New Guinea,
BUKITAN P. Batu,Indonesia,Borneo,,
BUKITAN P. Busang,,,,puna1269
BUKITAN Ukit,Indonesia,Borneo,,ukit1237
BUKITAN p.,,,,
BULGEBI,,,Papua New Guinea,
BULI,Indonesia,Indonesia,,
BUN,,,Papua New Guinea,
BUNABA,Australia,Australia,,
BUNABUN,,,Papua New Guinea,
BUNAK,East Timor,East Timor,,
BUNAMA,,,Papua New Guinea,
BUNGAIN,,,Papua New Guinea,
BUNGANDIDJ,Australia,Australia,,
BUNGKU,Indonesia,Sulawesi,,
BUNGKU Rumbia,Indonesia,Sulawesi,,
BUNUN_Central,Taiwan,Taiwan,,cent2105
BUNUN_Northern,Taiwan,Taiwan,,nort2902
BUNUN_Southern,Taiwan,Taiwan,,
BUNUN_Takopulan,Taiwan,Taiwan,,
BUOL,Indonesia,Sulawesi,,
BURMBAR,,,Vanuatu,burm1263
BURMESE,Burma,,,nucl1310
BURUM,,,Papua New Guinea,buru1306
BURUSU,,,,
BUSA,,,Papua New Guinea,
BUSANG Mahakam Busang,Indonesia,Borneo,,
BUTAM,,,Papua New Guinea,buta1242
BUTMAS TUR,,,,
BUTON,Indonesia,Sulawesi,,buto1237
BUTUANON,Philippines,Philippines,,
BWAIDOKA,,,Papua New Guinea,
Ba. P. BAH - BIAU,,,,
Baagandji Group,Australia,Australia,,
Babaga,,,Papua New Guinea,
Babagarupu,,,Papua New Guinea,
Babatana,,,Solomon Islands,
Bacbn Malay,Indonesia,Indonesia,,
Badjala,Australia,Australia,,
Baeguu,,,Solomon Islands,
Baelelea,,,Solomon Islands,bael1237
Bah Malei,,,,
Baiawa,,,,
Baibara,,,Papua New Guinea,
Baine,Indonesia,,,
Bakumpai Malay,Indonesia,Borneo,,
Balamula,,,Papua New Guinea,
Balanipa,Indonesia,Sulawesi,,
Balau sd.,Indonesia,Borneo,,
Balawaia,,,Papua New Guinea,
Balikpapan sd.,Indonesia,Borneo,,
Balingian,Indonesia,Borneo,,
Bamota KATE,,,Papua New Guinea,
Bandjalangic Group,Australia,Australia,,
Banjar Hulu sd.,Indonesia,Borneo,,
Banjar M.,Indonesia,Borneo,,
Banjar Malay,Indonesia,Borneo,,
Bantaeng,Indonesia,Sulawesi,,
Banten,Indonesia,Indonesia,,
Bao,,,Papua New Guinea,
Bapai,Indonesia,,,
Barai,,,Papua New Guinea,
Barok,,,Papua New Guinea,baro1253
Batek Nong,Malaysia,Malaysia; Southern Malaysia,,
Batek Teq,Malaysia,Malaysia,,
Bazaar Malay,Indonesia,,,saba1263
Beach Pamona,Indonesia,Sulawesi,,
Begua,,,Papua New Guinea,
Beiayan,,,,
Bellona,,,,
Benefa ?,,,,
Bentian,Indonesia,Borneo,,
Benua,,,,
Berema,,,Papua New Guinea,
Berk,Indonesia,,,
Besoa,Indonesia,Sulawesi,,
Bew,Indonesia,,,
Bi. P. BAH - BIAU,,,,
Bibo,,,Papua New Guinea,
Bicoli,,,,
Bidayuh,Indonesia,Borneo,,
Bileki,,,Papua New Guinea,
Bime,Indonesia,,,
Binanderean Family,,,Papua New Guinea,bina1279
Binatang BASAP,Indonesia,Borneo,,
Bintuni,Indonesia,,,
Boeng,Indonesia,Indonesia,,
Bok P.,,,,
Bokondini,Indonesia,,,
Boku,,,Papua New Guinea,
Bolang Itang,Indonesia,Sulawesi,,
Bonahol,,,Papua New Guinea,
Bonarua,,,Papua New Guinea,
Border,,,Papua New Guinea,
Borebo,,,Papua New Guinea,
Borgos,,,Papua New Guinea,
Boro,,,Papua New Guinea,
Botteng-Tappalang,Indonesia,Sulawesi,,
Braiakaulung,Australia,Australia,,
Brat,Indonesia,,,
Bruit,Indonesia,Borneo,,
Brunei Malay,,,,
Buaga,,,Papua New Guinea,
Bukar Sadong p.,Indonesia,Borneo,,
Bulalakao,Philippines,Philippines,,
Buniabura,,,Papua New Guinea,
Bunwurung,Australia,Australia,,
Burarran Family,Australia,Australia,,
Burui,,,Papua New Guinea,
Bush Mekeo,,,Papua New Guinea,
Busilmin,,,Papua New Guinea,
Buton,Indonesia,Indonesia,,
Bwato,,,,
CAAC,,,New Caledonia,caac1237
CAOLAN,Kampuchea; Vietnam,Kampuchea; Vietnam,,
CASIGURAN DUMAGAT,Philippines,Philippines,,
CEBUANO,Philippines,Philippines,,
CEMUHI,,,New Caledonia,cemu1238
CENTRAL ASMAT,Indonesia,,,
CHAM,China; Kampuchea; Laos,China; Kampuchea; Laos,,
CHAMBRI,,,Papua New Guinea,
CHAMORRO,,,Guam; Northern Mariana Islands,
CHANGRIWA,,,Papua New Guinea,
CHAVACANO,Philippines,Philippines,,
CHE' WONG,Malaysia,Malaysia,,chew1245
CHE' WONG/E,Malaysia,Malaysia,,chew1245
CHE' WONG/W,Malaysia,Malaysia,,chew1245
CHENAPIAN,,,Papua New Guinea,
CHINESE,China; Laos; Taiwan,China; Laos; Taiwan,,
CHONG,Laos,Laos,,
CHRU,Laos,Laos,,
CHUAVR Elimbari,,,Papua New Guinea,
CITAK ASMAT,Indonesia,,,
CNETRAL MAEWO,,,Vanuatu,
COTABATO MANOBO,Philippines,Philippines,,
CUA,Laos,Laos,,
CUHU-SAMANE,,,Papua New Guinea,guhu1244
Central,,,Papua New Guinea,
Central AIRO-SUMAGHAGHE,Indonesia,,,
Central ALUNE,Indonesia,Indonesia,,
Central BOIKEN A,,,Papua New Guinea,
Central BOIKEN B,,,Papua New Guinea,
Central FORE,,,Papua New Guinea,
Central Family,,,Papua New Guinea,
Central IRIA,Indonesia,,,
Central KANUM,Indonesia,,,
Central KOMBA,,,Papua New Guinea,komb1273
Central KOMBIO,,,Papua New Guinea,
Central KUNIMAIPA,,,Papua New Guinea,
Central Kamora,Indonesia,,,asma1256
Central MOUNTAIN KOIARI,,,Papua New Guinea,
Central RUAT,,,Papua New Guinea,
Central TAIBORA,,,Papua New Guinea,
Central TANAHMERAH,Indonesia,,,
Central TATMUL,,,Papua New Guinea,
Central TIGAK,,,Papua New Guinea,
Central TIMBE,,,Papua New Guinea,
Chimbian,,,Papua New Guinea,
Chirima,,,Papua New Guinea,
Chuave,,,Papua New Guinea,
Coastal Kadazan Southern sd.,,,,
Coaster Kiwai,,,Papua New Guinea,sout2949
DABRA,Indonesia,,,
DAGA,,,Papua New Guinea,daga1275
DAHATING,,,Papua New Guinea,gwap1238
DAI,Indonesia,Indonesia,,
DAKAKA,,,Vanuatu,daka1243
DAMAR/N DAMAR,East Timor,East Timor,,west2548
DAMAR/S DAMAR,East Timor,East Timor,,east2472
DAMPELASA,Indonesia,Sulawesi,,
DANARU,,,Papua New Guinea,dana1254
DANGAL,,,Papua New Guinea,dang1263
DARAMBAL,Australia,Australia,,dhar1248
DAVAWENO1,Philippines,Philippines,,
DAWAWA,,,Papua New Guinea,dawa1242
DEAR,,,Papua New Guinea,
DEGENAN,,,Papua New Guinea,dege1247
DEHU,,,New Caledonia,dehu1237
DEM,,,,
DEMTA,Indonesia,,,
DHANGGAGARLI,Australia,Australia,,
DHARAWAL,Australia,Australia,,
DHUDUROA,Australia,Australia,,dhud1236
DHURGA,Australia,Australia,,dhur1239
DIBABAWON,Philippines,Philippines,,diba1242
DIMIR,,,Papua New Guinea,maru1253
DIODIO,,,Papua New Guinea,diod1237
DIRARI,Australia,Australia,,dier1241
DIXON REFE,,,Vanuatu,dixo1238
DIYARI,Australia,Australia,,
DJANGUN / MULURIDYI,Australia,Australia,,
DJAWI,Australia,Australia,,
DJINGILI,Australia,Australia,,
DOBU,,,Papua New Guinea,dobu1241
DOGA,,,Papua New Guinea,doga1238
DOGORO,,,Papua New Guinea,
DOHOI,Indonesia,Borneo,,doho1239
DOI,Laos,Laos,,
DOMUNG,,,Papua New Guinea,domu1246
DONDO,Indonesia,Sulawesi,,dond1249
DORIO,,,Solomon Islands,dori1246
DORIRT,,,Papua New Guinea,
DORRO,,,Papua New Guinea,
DUAN,Laos,Laos,,
DUAU,,,Papua New Guinea,duau1237
DUBEA,,,New Caledonia,dumb1241
DUBU,Indonesia,,,dubu1240
DUDUELA,,,Papua New Guinea,dudu1240
DUMPAS,,,,
DUMPU,,,Papua New Guinea,dump1243
DUMUN,,,Papua New Guinea,dumu1246
DUNA,,,Papua New Guinea,duna1248
DURANMIN,,,Papua New Guinea,
DUSNER,Indonesia,,,dusn1237
DUSUN DEYAH,Indonesia,Borneo,,
DYANGADI,Australia,Australia,,dyan1250
DYIRBAL,Australia,Australia,,dyir1250
DYIRRINGANY,Australia,Australia,,
DYUGUN,Australia,Australia,,
Dagan Family,,,Papua New Guinea,daga1274
Dagenava,,,Papua New Guinea,dage1244
Dahuni,,,Papua New Guinea,dahu1238
Dalat,Indonesia,Borneo,,dala1239
Dalit sd. PALUAN p.,,,,
Daly Family,Australia,Australia,,
Damal,Indonesia,,,dama1272
Danu,,,Papua New Guinea,
Daranto,Indonesia,,,
Daravo,,,Papua New Guinea,
Daru Kiwai,,,Papua New Guinea,
Daui,,,Papua New Guinea,daui1237
Daupka,,,Papua New Guinea,daup1249
Delena,,,Papua New Guinea,
Deli,Indonesia,Indonesia,,
Dennatu,,,Papua New Guinea,
Derebai,,,Papua New Guinea,dere1243
Diauwereke,,,Papua New Guinea,
Didigaru,,,Papua New Guinea,didi1260
Dilava,,,Papua New Guinea,
Dili Tetun,East Timor,East Timor,,
Diomoni,,,Papua New Guinea,
Djeebbanan Family-Level Isolate,Australia,Australia,,
Djingili-Wambayan Family,Australia,Australia,,
Dobudurn,,,,
Dodinga,Indonesia,Indonesia,,dodi1239
Dolago,Indonesia,Sulawesi,,
Dom,,,Papua New Guinea,
Doma,,,Papua New Guinea,
Domara,,,Papua New Guinea,
Domu,,,Papua New Guinea,
Doromu,,,Papua New Guinea,
Duka-Ekor,,,Papua New Guinea,
Dumaring,,,,
Duri,Indonesia,Sulawesi,,
Dusun Balangan,Indonesia,Borneo,,
Dusun Segama,,,,
Dusunic Subgroup,,,,
E & W MAKIAN,Indonesia,Indonesia,,
E-Coast,Indonesia,,,
E.& W.MAKIAN,Indonesia,Indonesia,,
E.Coastal Kiwai,,,,
E.Kewa,,,Papua New Guinea,
E.lpili,,,Papua New Guinea,ipil1240
EAHU,Thailand,Thailand,,
EAST CAGAYAN NEGRITO,Philippines,Philippines,,
EAST FUTUNA,,,Wallis and Futuna,
EAST LOU,,,Papua New Guinea,
EAST NEK,,,Papua New Guinea,
EAST SHOISEUL,,,Solomon Islands,
EAST URII,,,Papua New Guinea,urii1240
EAST UVEA,,,Wallis and Futuna,
EASTER ISLAND,,,,rapa1244
EASTERN ARANDA,Australia,Australia,,east2379
EASTERN FIJIAN,,,Fiji,
EASTERN KADAZAN,,,,
EDERAH R?,Indonesia,,,eder1237
EIVO,,,Papua New Guinea,
EKAGI Yabi,Indonesia,,,
ELEPI,,,Papua New Guinea,elep1240
ELKEI,,,Papua New Guinea,elke1240
EMAE,,,,emae1237
EMERUM,,,Papua New Guinea,
EMUMU,Indonesia,,,emum1240
ENDE-LIO/Ende(Ja'o),East Timor,East Timor,,ende1246
ENDE-LIO/Lio(Aku),East Timor,East Timor,,lioo1240
ENDE-LIO/Nage-Keo,East Timor,East Timor,,nage1238
ENDE-LIO/Nga'o,East Timor,East Timor,,ngao1245
ENGA Iniai,,,Papua New Guinea,
ENGA Layapo,,,Papua New Guinea,laya1255
ENGA Sau,,,Papua New Guinea,sauu1244
ENGA Tayato,,,Papua New Guinea,taya1255
ENGGANO,Indonesia,Indonesia,,engg1245
ERCKWANAS,Indonesia,,,
ERCKWANAS  Iha,Indonesia,,,
EREM,,,Papua New Guinea,
ERIMA,,,Papua New Guinea,
East Awin,,,Papua New Guinea,east2522
East Coast Bajau,Indonesia; Laos,Borneo; Laos,,
East GIMI,,,Papua New Guinea,east2515
East KOIARI,,,Papua New Guinea,
East KOMBA,,,Papua New Guinea,komb1273
East Makian,,,,east2440
East Mekeo,,,,east2455
East SENTANI,Indonesia,,,east2518
East YAMBS,,,Papua New Guinea,
Eastern,,,Papua New Guinea,
Eastern BINE,,,Papua New Guinea,
Eastern BITARA,,,Papua New Guinea,
Eastern GIZRA,,,,
Eastern GWEDENA,,,Papua New Guinea,
Eastern IRAHUTU,Indonesia,,,
Eastern IRIA,Indonesia,,,
Eastern KARA,,,Papua New Guinea,
Eastern RORO,,,Papua New Guinea,
Eastern SABERI (ISIRAWA),Indonesia,,,
Eastern SAWOS,,,Papua New Guinea,
Eastern TANAHMERAH,Indonesia,,,
Eastern Trans-Fly Family,,,Papua New Guinea,
Eia,,,Papua New Guinea,
Eipo,Indonesia,,,eipo1242
Elpaputi Bay,Indonesia,Indonesia,,
Embessa,,,,
Emo R,,,Papua New Guinea,
Enggipiloe,Indonesia,,,
Enindhilyagwan Family-Level Isolate,Australia,Australia,,
Enna,Indonesia,Sulawesi,,
Enrekang,Indonesia,Sulawesi,,enre1239
Epe - Routa,Indonesia,Sulawesi,,
Erave Dadibi,,,Papua New Guinea,
Erawirung,Australia,Australia,,
Etoro,,,Papua New Guinea,edol1239
FAGA UVEA,,,New Caledonia,
FAGANI,,,Solomon Islands,faga1239
FAGULULU,,,Papua New Guinea,
FALAMUL,Indonesia,Indonesia,,
FALWOL,,,Papua New Guinea,faiw1243
FAS,,,Papua New Guinea,
FASU,,,Papua New Guinea,fasu1242
FATALUKU,East Timor,East Timor,,fata1247
FIJI,,,,fiji1243
FINUNGWA,,,Papua New Guinea,fino1238
FITLEP,,,Papua New Guinea,
FIWAGA,,,Papua New Guinea,fiwa1240
FOAU,,,,
FOE,,,Papua New Guinea,
FORAK,,,Papua New Guinea,fora1245
FORTSENAL,,,,
FUTUNA-AMOWA,,,,futu1245
FUYUGE Vanapa,,,Papua New Guinea,
FWAI,,,New Caledonia,fwai1237
Fataleka,,,Solomon Islands,fata1245
Fauro,,,,
Fayok,Indonesia,,,
Feramin,,,Papua New Guinea,fera1239
Fkhar,Indonesia,,,
GA-DANG,Philippines,Philippines,,
GABADI,,,Papua New Guinea,
GABIANO,,,Papua New Guinea,gabi1241
GABUTAMUN,,,Papua New Guinea,
GADANG Gadang,Australia,Australia,,
GADDANG,Philippines,Philippines,,
GADSUP,,,Papua New Guinea,gads1258
GAHUKU,,,Papua New Guinea,gahu1246
GAINA,,,Papua New Guinea,gain1243
GAL,,,Papua New Guinea,
GALELA,Indonesia,Indonesia,,gale1259
GALEYA,,,Papua New Guinea,gale1257
GALGADUNGIC,Australia,Australia,,
GALIBAMU,Australia,Australia,,
GALOLI/Baba,East Timor,East Timor,,baba1272
GALOLI/Dadua,East Timor,East Timor,,
GALOLI/Edi,East Timor,East Timor,,edii1237
GALOLI/Galoli,East Timor,East Timor,,nucl1541
GALOLI/Hehak,East Timor,East Timor,,haha1243
GALOLI/Na Nahek,East Timor,East Timor,,nana1259
GALU,,,Papua New Guinea,
GAMEI,,,Papua New Guinea,
GANA,,,,
GANGLAU,,,Papua New Guinea,gang1270
GANJA,,,Papua New Guinea,
GANTS,,,Papua New Guinea,
GAO,,,Solomon Islands,gaoo1237
GAPAPAIWA,,,Papua New Guinea,
GAPUN,,,Papua New Guinea,
GARADYARI,Australia,Australia,,
GARAWA,Australia,Australia,,
GARO,,,,
GARUH,,,Papua New Guinea,nobo1238
GARUS,,,Papua New Guinea,garu1246
GARUWAHI,,,Papua New Guinea,
GAYABARA,Australia,Australia,,
GAYARDILT,Australia,Australia,,
GAYIYAMAR / MARA,Australia,Australia,,
GAYO,Indonesia,Indonesia,,gayo1244
GEBE,Indonesia,Indonesia,,
GEDAGED,,,Papua New Guinea,geda1237
GELA,,,Solomon Islands,gela1263
GENDE,,,Papua New Guinea,gend1249
GESER-GORAM,Indonesia,Indonesia,,
GHANONGGA,,,Solomon Islands,ghan1242
GIAY,Vietnam,Vietnam,,
GINUMAN,,,Papua New Guinea,
GIRA,,,Papua New Guinea,
GIRAWA,,,Papua New Guinea,
GIRI,,,Papua New Guinea,
GITUA,,,Papua New Guinea,
GNAU,,,Papua New Guinea,
GOGODALA,,,,
GOLIATH,Indonesia,,,
GORONTALO,Indonesia,Sulawesi,,
GOROVU,,,Papua New Guinea,
GOWAR,Australia,Australia,,
"GRAND VALLEY DANY, lower of Valley",Indonesia,,,
GUGU YALANDYI,Australia,Australia,,yala1261
GUHU-SAMANE,,,Papua New Guinea,
GUIARAK,,,Papua New Guinea,
GUMALU,,,Papua New Guinea,
GUMASI,,,,
GUNDUNGURA,Australia,Australia,,
GUNIYAN,Australia,Australia,,
GURINGGAI,Australia,Australia,,
GURNU,Australia,Australia,,
GUSAN,,,Papua New Guinea,
GUUGU YIMIDHIRR,Australia,Australia,,gugu1255
GUWA,Australia,Australia,,guwa1242
GUWENG,Australia,Australia,,
GUWOT,,,Papua New Guinea,
GUYANI,Australia,Australia,,
Gadjerawang Miriwung,Australia,Australia,,
Gae,,,Solomon Islands,
Gagudjuan Family-Level Isolate,Australia,Australia,,
Gamkonor,Indonesia,Indonesia,,
Ganti,Indonesia,Sulawesi,,
Gari,,,Solomon Islands,
Garia,,,Papua New Guinea,
Gazili,,,Papua New Guinea,
Geagea,,,Papua New Guinea,
Gebi,,,Papua New Guinea,
Geri,,,Solomon Islands,
Getmata,,,Papua New Guinea,
Gewigi,,,Papua New Guinea,
Ghone VARISI,,,Solomon Islands,
Gibaio,,,Papua New Guinea,
Gimi,,,Papua New Guinea,
Golin,,,Papua New Guinea,
Gomoara,,,Papua New Guinea,
Gona,,,Papua New Guinea,
Gonsomon,,,,
Gope,,,Papua New Guinea,
Gora,,,Papua New Guinea,
Gorge,Indonesia,,,
Gotomi,,,Papua New Guinea,
Gresi,Indonesia,,,
Guamer,Indonesia,,,
Gugumu,,,,
Guiam Yuta,,,Papua New Guinea,
Guluwarin Kitja,Australia,Australia,,
Gumbaynggiric Group,Australia,Australia,,gumb1242
Gungaraganyan Family-Level Isolate,Australia,Australia,,
Gunwinyguan Family,Australia,Australia,,gunw1250
Gurfuf,,,Papua New Guinea,
HABU,East Timor,East Timor,,
HADUKU,Indonesia,Indonesia,,
HAHON,,,Papua New Guinea,
HALIA,,,Papua New Guinea,
HAM,,,Papua New Guinea,
HAMTAI(KAPAU),,,Papua New Guinea,
HANUNOO,Philippines,Philippines,,
HAROI,Laos,Laos,,
HATTAM,Indonesia,,,
HAWAIIAN,,,,
HEWA,,,Papua New Guinea,
HEYO,,,Papua New Guinea,
HILIGAYNON,Philippines,Philippines,,
HILIGAYNON(ILONGGO),Philippines,Philippines,,
HINIHON,,,Papua New Guinea,
HITU,Indonesia,Indonesia,,
HIW,,,,hiww1237
HOANYA,Taiwan,Taiwan,,
HOAVA,,,Solomon Islands,
HOTE,,,Papua New Guinea,
HOVONGAN,,,,
HOVONGAN Semukung - Uheng,,,,
HRE,Laos,Laos,,
HULI,,,Papua New Guinea,huli1244
HUMENE,,,,
HUNG/PONG2,Laos,Laos,,
HUNJARA,,,Papua New Guinea,hunj1241
Hae,,,Papua New Guinea,
Hakia,,,Papua New Guinea,
Haleworuru,Indonesia,Indonesia,,
Hamil,,,Papua New Guinea,
Hat,Vietnam,Vietnam,,
Haununu,,,Solomon Islands,
Haura,,,Papua New Guinea,
Haveke,,,New Caledonia,
Heake,,,New Caledonia,
Hegenagi,Indonesia,,,
Heleworuru,Indonesia,Indonesia,,
Hiowe,,,Papua New Guinea,
Hira,,,Papua New Guinea,
Hmwaveke,,,New Caledonia,hmwa1243
Honibu,,,Papua New Guinea,
Hua,,,Papua New Guinea,
Hula,,,Papua New Guinea,
Humene,,,Papua New Guinea,
IAAI,,,New Caledonia,
IBANAG,Philippines,Philippines,,
IDATE,East Timor,East Timor,,
IDI,,,Papua New Guinea,
IDNE?,,,Papua New Guinea,
IDUNA,,,Papua New Guinea,
IFUGAO,Philippines,Philippines,,
IGANA,,,Papua New Guinea,
IGOM,,,Papua New Guinea,
IGORA(KAKABAI),,,Papua New Guinea,
IHA Kapaur,Indonesia,,,
IIaga,Indonesia,,,
IKOBI,,,Papua New Guinea,
ILANUN,Philippines,Philippines,,
ILIANEN MANOBO,Philippines,Philippines,,
ILOKANO,Philippines,Philippines,,
ILONGOT,Philippines,Philippines,,
INANWATAN,Indonesia,,,
INIBALOI,Philippines,Philippines,,
IPIKO,,,Papua New Guinea,
IRAYA,Philippines,Philippines,,
IRESIM,Indonesia,,,ires1239
IRUMU,,,Papua New Guinea,
ISABI,,,Papua New Guinea,isab1240
ISAN,,,Papua New Guinea,
ISEBE,,,Papua New Guinea,
ISINAI,Philippines,Philippines,,
ISNAG,Philippines,Philippines,,
ITAWIS,Philippines,Philippines,,
ITIK,Indonesia,,,
ITNEG,Philippines,Philippines,,
ITUTANG,,,Papua New Guinea,
IWAM Downriver,,,Papua New Guinea,
IWAM Upriver,,IWAM Upriver,Papua New Guinea,
IYORA,Australia,Australia,,
Iban,,,,
Iban Section-Level Isolate,Indonesia,Borneo,,
Imila,,,Papua New Guinea,
Imonda,,,Papua New Guinea,
Imyan,Indonesia,,,
Islan,,,Papua New Guinea,
Island Kiwa,,,,
Island Kiwai,,,,
J,Indonesia,Indonesia,,
JAGOI,Indonesia,Borneo,,
JAGOI Dialects/Assem,Indonesia,Borneo,,asse1237
JAGOI Dialects/Dongay,Indonesia,Borneo,,dong1297
JAGOI Dialects/Empawa,Indonesia,Borneo,,empa1241
JAGOI Dialects/Suti,Indonesia,Borneo,,suti1238
JAGOI Dialects/Tengoh,,,,teng1270
JAGOI Dialects/Tringus,Indonesia,Borneo,,
JAH HET,Malaysia,Southern Malaysia,,
JAKARTA MALAY,Indonesia,,,
JARAI,Laos,Laos,,
JARI,,,Papua New Guinea,
JAVA,Indonesia,Indonesia,,
JAVANESE,Indonesia,Indonesia,,java1254
JAVANESE/Central Western,Indonesia,Indonesia,,
JAVANESE/Cirebon,Indonesia,Indonesia,,cire1240
JAVANESE/Eastern,Indonesia,Indonesia,,
JAVANESE/Manuk,Indonesia,Indonesia,,
JAVANESE/North-Western,Indonesia,Indonesia,,
JAWE,,,New Caledonia,
JEH,Laos,Laos,,
JEHAI/Batek Teh,Malaysia,Malaysia,,bate1267
JEHAI/Jehai,Malaysia,North-Western Malaysia,,nucl1294
JEHAI/Menriq,Malaysia,North-Western Malaysia,,minr1238
JILIM,,,Papua New Guinea,
JINGHPAW,Burma,,,
Jelalong P.,,,,
Jimuhi,,,,
Jramot,,,Papua New Guinea,
K,,,Solomon Islands,
KABOLA,East Timor,East Timor,,
KADAZAN DUSAN / Central Kadazan Dusan,,,,
KAETI,,,Papua New Guinea,
KAFOA,East Timor,East Timor,,
KAHUA,,,Solomon Islands,kahu1241
KAIAN,,,Papua New Guinea,
KAIBOBO,Indonesia,Indonesia,,
KAIEP Terebu,,,Papua New Guinea,
KAILA,Indonesia,Sulawesi,,
KAILI Banawa,Indonesia,Sulawesi,,unde1235
KAILI Palu,Indonesia,Sulawesi,,ledo1238
"KAILI Palu, MANDAR",Indonesia,Sulawesi,,
KAIRI,,,Papua New Guinea,
KAIRIRU,,,Papua New Guinea; apua New Guinea,kair1263
KAIRUI-MIDIKI/Kairui,East Timor,East Timor,,kair1266
KAIRUI-MIDIKI/Midiki,Indonesia,,,midi1237
KAIWA,,,Papua New Guinea,
KAJAMAN Sekapen,,,,
KALA LAGAW YA,Australia,Australia,,
KALABAKAN,,,,
KALABRA,Indonesia,,,
KALAGAN,Philippines,Philippines,,
KALAM,,,Papua New Guinea,
KALAMIANON,Philippines,Philippines,,
KALIBUGAN,Philippines,Philippines,,
KALINGA,Philippines,Philippines,,
KALLAHAN,Philippines,Philippines,,
KALORALO,,,Papua New Guinea,
KALULI,,,Papua New Guinea,
KAMANO,,,Papua New Guinea,
KAMARIAN,Indonesia,Indonesia,,
KAMASA,,,Papua New Guinea,
KAMAYO,Philippines,Philippines,,
KAMBA,,,Papua New Guinea,
KAMBOT Others,,,Papua New Guinea,
KAMPONG BARU,Indonesia,,,
KAMULA,,,Papua New Guinea,
KANDAS,,,Papua New Guinea,
KANKANAEY_North,Philippines,Philippines,,
KANKANAEY_South,Philippines,Philippines,,
KANOWIT,Indonesia,Borneo,,
KAPAMPANGAN,Philippines,Philippines,,
KAPINGAMARANGI,,,,
KAPORE,,,Papua New Guinea,
KAPORP,,,,
KAPRIMAN,,,Papua New Guinea,
KAPUAS (NGAJU),Indonesia,Borneo,,
KARAMI,,,Papua New Guinea,
KARAW,Philippines,Philippines,,
KARAWA,,,Papua New Guinea,
KARAWARI,,,Papua New Guinea,
KARE,,,Papua New Guinea,
KAREN,Burma; Laos; Thailand,Laos; Thailand,,
KARIN,,,Papua New Guinea,
KARIVARRA,Australia,Australia,,
KARO,Indonesia,Indonesia,,
KARO/Batak-Pakpak,Indonesia,Indonesia,,
KARO/Dairi,Indonesia,Indonesia,,
KARO/Singkil,Indonesia,Indonesia,,
KARON DORI,Indonesia,,,
KARON PANTAI,Indonesia,,,
KASENG,Laos,Laos,,
KASIGURANIN,Philippines,Philippines,,
KASIMBAR,Indonesia,Sulawesi,,
KASUA,,,Papua New Guinea,
KATANG,,,,
KATBOL,,,Vanuatu,
KATIATI,,,Papua New Guinea,
KATINJA,,,Papua New Guinea,
KATU,Laos,Laos,,
KATUA,Laos,Laos,,
KAUNGA,,,,
KAURE,Indonesia,,,
KAURNA,Australia,Australia,,kaur1267
KAUWOL,,,,
KAVALAN,Taiwan,Taiwan,,
KAWATSA,,,Papua New Guinea,
KAWE,Indonesia,Indonesia,,
KAYAKA,,,Papua New Guinea,kyak1244
KAYAN MAHAKAM,Indonesia,Borneo,,
KAYAN R KENYAH,,,,
KAYAN R. K. L. Naean,,,,
KAYAN R. KY. Kayaniyut Ky.,,,,
KAYAN R. KY. Uma Lakan,,,,
KAYGIR,Indonesia,,,
KAYIK,,,Papua New Guinea,
KAYONG,Laos,Laos,,
KDINJMAL KINGKEL,Australia,Australia,,
KEAPARA,,,Papua New Guinea,
KEDANG,East Timor,East Timor,,
KEENOK,Indonesia,,,
KEHELALA(TAVARA),,,Papua New Guinea,
KEI-FORDATA,Indonesia,,,
KEI-FORDATA/Larat I,Indonesia,,,ford1242
KEI-FORDATA/Larat II,Indonesia,Indonesia,,
KELA,,,Papua New Guinea,kela1255
KELABIT,,,,
KELINYAU L. Bento,,,,
KELON,East Timor,East Timor,,
KEMAK/Kemak,East Timor,East Timor,,
KEMAK/Nogo,East Timor,East Timor,,
KEMBAYAN,Indonesia,Borneo,,
KEMTUK,Indonesia,,,
KENABOI,Malaysia,Malaysia; Southern Malaysia,,
KENATI,,,,
KENINGAU MURUT Dialects / Apin - Aoin Kuijau,,,,
KENINGAU MURUT Dialects / Apin - Apin Kuijar,,,,
KENINGAU MURUT Dialects / Dusun Murut,,,,dusu1272
"KENINGAU MURUT Dialects / Dusun Murut, Tambual",,,,ambu1245
KENINGAU MURUT Dialects / Nabay,,,,naba1255
KENSIU,Malaysia,Malaysia; North-Western Malaysia,,kens1248
KENSIU/Kensiu Batu,Malaysia,Malaysia,,kens1249
KENSIU/Kensiu Pemsed,Malaysia,North-Western Malaysia,,
KENSIU/Kensiu Siong,Malaysia,North-Western Malaysia,,kens1250
KENSIU/Meni Kaien,Malaysia,North-Western Malaysia,,
KENSIU/Semang of Sadang,Malaysia,Southern Malaysia,,
KERAMIN,Australia,Australia,,
KEREHO - UHENG,,,,
KEREWO,,,Papua New Guinea,
KERIAKA,,,Papua New Guinea,
KESAWAI,,,Papua New Guinea,
KETANGALAN,Taiwan,Taiwan,,
KEURU Aheave,,,Papua New Guinea,
KEWIENG,,,Papua New Guinea,
KHA TONG LUANG,Laos,Laos,,
KHAMET,Thailand,Thailand,,
KHANG,Vietnam,Vietnam,,
KHAO,Vietnam,Vietnam,,
KHMER,Kampuchea; Laos; Thailand,Kampuchea; Laos; Thailand,,cent1989
KHMU,Laos; Thailand,Laos; Thailand,,
KHUA,Laos,Laos,,
KIA,,,Solomon Islands,
KIA R?,Indonesia,,,jair1235
KILENGE,,,Papua New Guinea,
KILMERI,,,Papua New Guinea,
KIMAGHAMA,Indonesia,Indonesia,,
KIMARAGANG,,,,
KINALAKNA,,,Papua New Guinea,
KINAMIGIN,Philippines,Philippines,,
KINOME,Indonesia,,,
KIPUT Balait Jati,,,,
KIRIBATI,,,Kiribati,gilb1244
KIS,,,Papua New Guinea,
KISAR,Indonesia,,,
KIWUR,Indonesia,,,
KLIAS RIVER KADAZAN,,,,
KLOR,Laos,Laos,,
KOBON,,,Papua New Guinea,kobo1249
KODI,Indonesia,Indonesia,,kodi1247
KOGUMAN,,,Papua New Guinea,kobo1248
KOKOTA,,,Solomon Islands,koko1269
KOLAKNGAT,Australia,Australia,,cola1237
KOLANA,East Timor; Indonesia,East Timor,,kola1287
KOLOD,,,,
KOLOM,,,Papua New Guinea,kolo1267
KOMERING,Indonesia,Indonesia,,kome1238
KOMINIMUNG,,,Papua New Guinea,komi1271
KOMUTU,,,Papua New Guinea,nukn1238
KONAI,,,Papua New Guinea,kona1242
KONDA,Indonesia,,,
KONUA,,,Papua New Guinea,
KOPAR,,,Papua New Guinea,
KORAFE,,,Papua New Guinea,kora1294
KORAK,,,Papua New Guinea,
KORAPUN,Indonesia,,,kora1298
KOREI?,Indonesia,,,
KORO,,,Vanuatu,koro1308
KOSARE,Indonesia,,,
KOSAREK(WANAM),Indonesia,,,
KOSORONG,,,Papua New Guinea,boro1279
KOSRAEAN,,,Federated States of Micronesia,
KOTOGUT ?,Indonesia,,,
KOVAI,,,Papua New Guinea,
KOWAKI,,,Papua New Guinea,
KRAEN,Thailand,Thailand,,
KRISA,,,Papua New Guinea,
KUBE Dialects:Kurungtufu,,,Papua New Guinea,
KUBE Dialects:Yoanggeng,,,Papua New Guinea,
KUI,East Timor,East Timor,,
KUIJAU,,,,
KULUN,Taiwan,Taiwan,,
KUMAK,,,New Caledonia,
KUMAN,,,Papua New Guinea,kuma1280
KUMUKIO,,,Papua New Guinea,
KUNDUN,,,Papua New Guinea,
KUNI,,,Papua New Guinea,
KUOT(PANARAS),,,Papua New Guinea,
KURADA,,,,
KURUDU,Indonesia,,,
KUSAGHE,,,Solomon Islands,
KUY,Kampuchea; Laos; Thailand,Kampuchea; Laos; Thailand,,
KWAIO,,,Solomon Islands,kwai1243
KWALE,,,Papua New Guinea,
KWAMERA,,,Vanuatu,kwam1252
KWANGA bongmaise,,,Papua New Guinea,
KWARA AE,,,Solomon Islands,
KWARE,,,Papua New Guinea,
KWASENGEN,,,Papua New Guinea,
KWATO,,,Papua New Guinea,
KWERBA,Indonesia,,,
KWESTEN,Indonesia,,,
KWOMA nukuma,,,,
KWOMTARI,,,Papua New Guinea,
Kabaena,East Timor,East Timor,,
Kabanga,,,Papua New Guinea,
Kabotirai,,,,
Kai,,,Papua New Guinea,
Kaidipan,Indonesia,Sulawesi,,
Kaiep,,,Papua New Guinea,
Kaimange,,,Papua New Guinea,
Kaina,,,Papua New Guinea,
Kaintiba,,,Papua New Guinea,
Kaipuri,Indonesia,,,
Kajaman p.,Indonesia,Borneo,,
Kakas,Indonesia,Sulawesi,,
Kakasa,,,,
Kakuna,,,Papua New Guinea,
Kakus Penan W.K.,,,,
Kalabat Atas,Indonesia,Sulawesi,,
Kaliai,,,Papua New Guinea,
Kalo,,,Papua New Guinea,
Kamasau,,,Papua New Guinea,
Kamate,,,Papua New Guinea,
Kambon,Indonesia,,,
Kami-Kulaka,,,Papua New Guinea,
Kamora,Indonesia,,,
Kampung r PISA,Indonesia,,,
Kamume,Indonesia,,,
Kandepe,,,Papua New Guinea,
Kao,Indonesia,Indonesia,,
Kaparl,,,Papua New Guinea,
Karambit,,,Papua New Guinea,
Karira,,,,
Karnic Group,Australia,Australia,,
Karo,Indonesia,Indonesia,,
Karore,,,Papua New Guinea,
Kasuweri,Indonesia,,,
Kataz,,,Solomon Islands,
Katingan,,,Papua New Guinea,
Katrak,,,Papua New Guinea,
Kaulong,,,Papua New Guinea,
Kayagar Stock-Level Family,Indonesia,,,
Kayan R. Bakung,,,,
Kayaniyut K.,,,,
Keapara,,,Papua New Guinea,
Keba,,,Papua New Guinea,
Kebar,Indonesia,,,
Kedayan,,,,
Keenaskp,Indonesia,,,
Kega,,,Papua New Guinea,
Keiagana,,,Papua New Guinea,
Kemandoga,Indonesia,,,
Kendayan - Ambawang,Indonesia,Borneo,,
Keninjal,,,,
Ker,,,Papua New Guinea,
Keraware,,,,
Keririmna,Indonesia,,,
Kesu,Indonesia,Sulawesi,,
Khlabra,Indonesia,,,
Khuen,Laos,Laos,,
Kia,,,Papua New Guinea,
Kiane,,,,
Kiari,,,Papua New Guinea,
Kimbin,Indonesia,,,
Kiniaki,,,Papua New Guinea,
Kiput p.,,,,
Kirome,Indonesia,,,
Kiwaian Family,,,Papua New Guinea,
Kluet,Indonesia,Indonesia,,
Knwansu,Indonesia,,,
Kobi-Benggoi,Indonesia,Indonesia,,
Koiarian Family,,,Papua New Guinea,
Koiwat,,,Papua New Guinea,
Kokila,,,Papua New Guinea,
Kokora,,,Papua New Guinea,
Kol,,,Papua New Guinea,
Kolis MBALOH,,,,
Komiofi,,,Papua New Guinea,
Komunku,,,Papua New Guinea,
Konio MEKONGKA,Indonesia,Sulawesi,,
Konjo,Indonesia,Sulawesi,,
Konomala,,,Papua New Guinea,
Kontu,,,Papua New Guinea,
Konyok,Indonesia,,,
Koo,,,Solomon Islands,
Kopona,,,Papua New Guinea,
Koreipa,,,Papua New Guinea,
Koriko,,,Papua New Guinea,
Kosena,,,Papua New Guinea,
Kove,,,Papua New Guinea,kove1237
Kovio,,,Papua New Guinea,
Kuala - Monsok,,,,
Kubalia A,,,Papua New Guinea,
Kubalia B,,,Papua New Guinea,
Kubo,,,Papua New Guinea,
Kubuli,,,Papua New Guinea,
Kukula,,,Papua New Guinea,
Kulawi,Indonesia,Sulawesi,,
Kulinic Group,Australia,Australia,,
Kunei,,,Papua New Guinea,
Kutai Ancalong sd.,,,,
Kutai Kota Bangun sd.,,,,
Kutai Malay,Indonesia,Borneo,,
Kutai Tenggarong,Indonesia,Borneo,,
Kutai Tenggarong sd.,Indonesia,Borneo,,
Kwabida,,,Papua New Guinea,
Kwaibo,,,Papua New Guinea,
Kwenyii,,,New Caledonia,
Kwoma,,,Papua New Guinea,
L. Anap,,,,
L. Atau,,,,
L. Atip BARAM KAYAN,,,,
L. Atun,,,,
L. Bangaq,,,,
L. Bawan sd.,,,,
L. Bene,,,,
L. Ekang,,,,
L. Jeeh,,,,
L. Kelawit,,,,
L. Labid,,,,
L. Lamai,,,,
L. Lellang,,,,
L. Luyang,,,,
L. Moh,,,,
L. Napir,,,,
L. Pa Sia sd.,,,,
L. Semado sd.,,,,
L. Semiang,,,,
L. Seridan,,,,
L. Sukang,,,,
L. Wat TUTOH K.,,,,
L.Puyungan,,,,
L.Wai,,,,
LABO,,,Vanuatu,
LABU,,,Papua New Guinea,
LAE,,,Papua New Guinea,
LAEKO-LIBUAT,,,Papua New Guinea,
LAGANYAN,Indonesia,Indonesia,,
LAGHU,,,Solomon Islands,lagh1246
LAHA,Vietnam,Vietnam,,
LAHANAN,Indonesia,Borneo,,
LAHU,Laos; Thailand; Vietnam,Laos; Thailand; Vietnam,,
LAHU/LISU,Thailand,Thailand,,
LAKALEI,East Timor,East Timor,,
LAKONA,,,Vanuatu,lako1245
LALAKI,Indonesia,Sulawesi,,
LAMAHOLOT,East Tiimor; Indonesia,East Timor,,lama1277
LAMAHOLOT/Adonara,East Timor,East Timor,,
LAMAHOLOT/East,East Timor; Indonesia,East Timor,,
LAMAHOLOT/Ile Mandiri,East Timor,East Timor,,nucl1534
LAMAHOLOT/Lewolaga,East Timor,East Timor,,lewo1249
LAMAHOLOT/Pukaunu,East Timor,East Timor,,
LAMAHOLOT/Solor,East Timor,East Timor,,
LAMAHOLOT/South,East Timor,East Timor,,
LAMAHOLOT/Tanjung Bunga,Indonesia,,,tanj1250
LAMAM/HA,Laos,Laos,,
LAMBOYA,Indonesia,Indonesia,,
LAMET,Laos,Laos,,
LAMETIN,,,,
LAMMA,East Timor,East Timor,,
LAMOGAI,,,Papua New Guinea,
LAMPUNG/C-E,Indonesia,Indonesia,,
LAMPUNG/C-W,Indonesia,Indonesia,,
LAMPUNG/Northern,Indonesia,Indonesia,,
LAMPUNG/S-E,Indonesia,Indonesia,,
LAMPUNG/S-W,Indonesia,Indonesia,,
LAMPUNG/Southern,Indonesia,Indonesia,,
LAMPUNG/Western,Indonesia,Indonesia,,
LANGALANGA,,,Solomon Islands,
LANGAM,,,Papua New Guinea,
LANOH,Malaysia,North-Western Malaysia,,
LARA,Indonesia,Borneo,,
LARDIL,Australia; China,Australia; China,,
LAREVAT,,,Vanuatu,
LARIKE-Wakasihu,Indonesia,Indonesia,,
LAU,,,Solomon Islands,
LAUA,,,Papua New Guinea,
LAVIA,Thailand,Thailand,,
LAVONGAI,,,Papua New Guinea,
LAVUKALEVE,,,Solomon Islands,
LAYOLO,Indonesia,,,
LEHALI,,,,
LEHALURUP,,,,leha1244
LELAK Dali,,,,
LEMBENA,,,Papua New Guinea,
LEMIO,,,Papua New Guinea,
LENAKE,,,Vanuatu,lena1238
LENGILU,,,,
LENGO,,,Solomon Islands,
LETEMBOI,,,Vanuatu,
LETRI LGONA/Lakor,Indonesia,,,lako1246
LETRI LGONA/Leti,Indonesia,,,leti1246
LETRI LGONA/Moa,Indonesia,,,moaa1237
LETRI LGONA/Sermata,Indonesia,,,serm1234
LETRI LGONA/Wetan-W(N)Babar,Indonesia,,,weta1243
LEWADA,,,Papua New Guinea,
LEWO,,,Vanuatu,lewo1242
LI,China,China,,
LIHIR,,,Papua New Guinea,lihi1237
LILAU,,,Papua New Guinea,
LINDU,,,,
LINGARAK,,,Vanuatu,
LINGKABAU,,,,
LISABATA-NONIALI,Indonesia,Indonesia,,
LISU,Thailand,Thailand,,
LITZLITZ,,,Vanuatu,
LOBU,,,,
LOH,,,,loto1240
LOHIKI,,,Papua New Guinea,
LONGA,,,Papua New Guinea,
LONGGU,,,Solomon Islands,
LONWOLWDL,,,Vanuatu,
LOREDIAKARKAR,,,,
LOTUD,,,,
LOUN,Indonesia,Indonesia,,
LOVEN,Laos,Laos,,
LOWER MOREHEAD(PEREMKA),,,Papua New Guinea,
LUANGIUA,,,,
LUE,Laos; Thailand,Laos; Thailand,,
LUHU,Indonesia,Indonesia,,
LUHU Keleng,Indonesia,Indonesia,,
LUKEP,,,Papua New Guinea,
LUN DAYE p. Papadi sd.,,,,
"LUN DAYE p., Kawang - Menadong sd.",,,,
LUNGGA,,,Solomon Islands,
Labeau,Indonesia,Sulawesi,,
Labu Malay,Indonesia,Borneo,,
Lagume,,,Papua New Guinea,
Laiaeo,Indonesia,Sulawesi,,
Laket,,,Papua New Guinea,
Lakiung,Indonesia,Sulawesi,,
Lalaeo,Indonesia,Sulawesi,,
Lalaura,,,Papua New Guinea,
Lambau,,,Papua New Guinea,
Lamusong,,,Papua New Guinea,
Lapo' Lulit KELINYAU K.,,,,
Laroni,,,Papua New Guinea,
Latep,,,Papua New Guinea,
Lavatbura,,,Papua New Guinea,
Lawangan,Indonesia,Borneo,,
Lawas sd.,,,,
Leileiafa?,,,Papua New Guinea,
Lelak p.,,,,
Lelet,,,Papua New Guinea,
Lembum,,,Papua New Guinea,
Lemiting,,,,
Lesser Eastern,,,Papua New Guinea,
Limboto,Indonesia,Sulawesi,,
Limeri,Indonesia,,,
Linggang,Indonesia,Borneo,,
Lirong SEBOB K.,,,,
Local Malay,Indonesia; Singapore,Borneo; Singapore,,
Logea,,,,
Lolak,Indonesia,Sulawesi,,
Lole,Indonesia,Sulawesi,,
Lomaumbi,,,Solomon Islands,
Londong,Indonesia,Borneo,,
Long Akah,,,,
Longeinga,,,Papua New Guinea,
Loso,,,Papua New Guinea,
Lowei Bian,Indonesia,,,
Lower Aikhe,Indonesia,,,
Lower Bele,,,,
Lubu,Indonesia,,,
M,Thailand,Thailand,,
M.,,,,
MABA,Indonesia,Indonesia,,
MADEN,Indonesia,Indonesia,,
MADKI,Indonesia,,,
MADURESE/Central,Indonesia,Indonesia,,
MADURESE/Western,Indonesia,Indonesia,,
MADURESE/all Dialects,Indonesia,Indonesia,,
MAE,,,Vanuatu,
MAFEA,,,,
MAGI,,,Papua New Guinea,
MAGINDANAO,Philippines,Philippines,,
MAGORI,,,Papua New Guinea,
MAHAKAM K. Boh,,,,
MAHAKAM K. p.,Indonesia,Borneo,,
MAHIGI,,,Papua New Guinea,
MAII,,,Vanuatu,
MAIRASI,Indonesia,,,
MAISIN,,,Papua New Guinea,
MAISIN(Kosirava),,,Papua New Guinea,mais1250
MAISIN(Uiaku),,,Papua New Guinea,
MAKASAI,Indonesia,,,
MAKASAI/Makiere,East Timor,East Timor,,
MAKLEW,Indonesia,,,
MAKU'A,East Timor,East Timor,,
MAL,Thailand,Thailand,,
MALALAMAI,,,Papua New Guinea,
MALANGO,,,Solomon Islands,
MALAS,,,Papua New Guinea,
MALASANGA,,,Papua New Guinea,
MALAWEG,Philippines,Philippines,,
MALAY,Malaysia,Eastern Malaysia; Malaysia; North-Eastern Malaysia; North-Western Malaysia; Southern Malaysia; Urak Lawoi',,
MALE,,,Papua New Guinea,
MALEU,,,Papua New Guinea,
MALFAXAL,,,Vanuatu,
MALMARIV,,,,
MALO,,,Vanuatu,malo1243
MALUABAY,,,Vanuatu,
MAMAA,,,Papua New Guinea,mama1277
MAMAM,,,Papua New Guinea,mana1295
MAMANWA,Philippines,Philippines,,
MAMBAI/Damata,East Timor,East Timor,,
MAMBAI/Lolei,East Timor,East Timor,,
MAMBAI/Mambai,East Timor,East Timor,,
MAMBAI/Manua,East Timor,East Timor,,
MAMBORU,Indonesia,Indonesia,,
MAMUJU,Indonesia,Sulawesi,,
MANADO MALAY,Indonesia,Sulawesi,,
MANAGALASI,,,Papua New Guinea,
MANAMEU,,,Papua New Guinea,
MAND,,,Papua New Guinea,
MANDAR,Indonesia,Sulawesi,,
MANDAYA,Philippines,Philippines,,
MANDER,Indonesia,,,
MANEM,,,,
MANG,Vietnam,Vietnam,,
MANGA BUANG,,,Papua New Guinea,
MANGAP,,,,
MANGARAYI,Australia,Australia,,
MANGAREVA,,,,
MANGARLA,Australia,Australia,,
MANGGARAI/Central,East Timor,East Timor,,cent2073
MANGGARAI/Central Eastern,East Timor,East Timor,,
MANGGARAI/East,East Timor,East Timor,,
MANGGARAI/Transitional,East Timor,East Timor,,
MANGGARAI/West,East Timor,East Timor,,west2537
MANGKONG,Laos,Laos,,
MANIHIKI-RAKAHANGA(COOK ISLANDS MAORI),,,,raka1237
MANIPA,Indonesia,Indonesia,,
MANUSELA,Indonesia,Indonesia,,
MAPE Naga Fukac,,,Papua New Guinea,
MAPENA,,,Papua New Guinea,
MAPI R?,Indonesia,,,
MAPIA,Indonesia,,,
MAPOS BUANG,,,Papua New Guinea,
MARAGUS,,,Vanuatu,
MARAMBA,,,Papua New Guinea,
MARANAO,Philippines,Philippines,,
MARAU,,,Solomon Islands,
MARAWARA,Australia,Australia,,
MAREMGI,,,,
MARI,,,Papua New Guinea,
MARIA,,,Papua New Guinea,
MARIGL,,,Papua New Guinea,
MARIND Kumbe,Indonesia,,,
MARING,,,Papua New Guinea,
MARINGE,,,Solomon Islands,
MARINO,,,Vanuatu,
MAROVO,,,Solomon Islands,
MARSHALLESE,,,Marshall Islands,
MARTU YHUNIRA,Australia,Australia,,
MASBATENO,Philippines,Philippines,,
MASIWANG,Indonesia,Indonesia,,
MASKELYNES,,,,
MASSEP ?,Indonesia,,,
MATBAT,Indonesia,Indonesia,,matb1237
MATEPI,,,Papua New Guinea,
MATUKAR,,,Papua New Guinea,
MAWAE,,,Papua New Guinea,
MAWAK,,,Papua New Guinea,
MAWAN,,,Papua New Guinea,
MAWES,Indonesia,,,
MAYA,Indonesia,Indonesia,,
MAYO Yau,,,Papua New Guinea,
MBALOH,,,,
MEAKAMBUT,,,Papua New Guinea,
MEAX,Indonesia,,,
MEBU,,,Papua New Guinea,
MEDEBUR,,,Papua New Guinea,
MEGIAR,,,Papua New Guinea,
MEHEK,,,Papua New Guinea,
MEKMEK,,,Papua New Guinea,
MEKONGKA Norio,Indonesia,Sulawesi,,
MELAMELA,,,Papua New Guinea,mera1242
MELANAU Daro,Indonesia,Borneo,,
MENA,,,Papua New Guinea,
MENDALAM KY.,,,,
MENGEN,,,Papua New Guinea,
MENINGGO,,,,
MENTAWAI/Northern Siberut,Indonesia,Indonesia,,ment1249
MENTAWAI/Pagai,Indonesia,Indonesia,,paga1237
MENTAWAI/Sipura,Indonesia,Indonesia,,sipu1239
MENTAWAI/Southern Siberut,Indonesia,Indonesia,,ment1249
MENYA,,,Papua New Guinea,
MEO,Burma; Laos; Thailand; Vietnam,Laos; Thailand; Vietnam,,
MERLAV,,,,merl1237
MESEM,,,Papua New Guinea,mese1244
MIDSIVINDI,,,Papua New Guinea,
MIKAREW,,,Papua New Guinea,
MIKARU Mikaru Padibi,,,Papua New Guinea,
MINANGKABAU,Indonesia,,,mina1268
MINANGKABAU/C-W,Indonesia,Indonesia,,mina1268
MINANGKABAU/Central,Indonesia,Indonesia,,mina1268
MINANGKABAU/Central Eastern,Indonesia,Indonesia,,mina1268
MINANGKABAU/Central Northern,Indonesia,Indonesia,,mina1268
MINANGKABAU/Kerinci,Indonesia,Indonesia,,keri1250
MINANGKABAU/Kerinci-Minangkabau,Indonesia,Indonesia,,keri1250
MINANGKABAU/Muko-Muko,Indonesia,Indonesia,,muko1237
MINANGKABAU/Northern,Indonesia,Indonesia,,mina1268
MINANGKABAU/Pekal,Indonesia,Indonesia,,peka1242
MINANGKABAU/South-Eastern,Indonesia,Indonesia,,mina1268
MINANGKABAU/South-Western,Indonesia,Indonesia,,mina1268
MINANGKABAU/Southern,Indonesia,Indonesia,,mina1268
MINANGKABAU/Western,Indonesia,Indonesia,,mina1268
MINANIBAI,,,Papua New Guinea,
MINDIRI,,,Papua New Guinea,mind1255
MINGIN,Australia,Australia,,
MIRIAM(ERUB),,,Papua New Guinea,
MISIM,,,Papua New Guinea,
MIYAK,,,Papua New Guinea,
MNONG,Laos,Laos,,
MODANG Benehes,,,,
MODANG L. Glat,,,,
MODANG Long Glat,Indonesia,Borneo,,
MOERE,,,Papua New Guinea,
MOESWAR,Indonesia,,,meos1237
MOI,Indonesia,Indonesia,,
MOK,Thailand,Thailand,,
MOK-AFIA(BIBLING),,,Papua New Guinea,
MOKEN,Thailand,Thailand,,
MOKILESE,,,,
MOLBOG,Philippines,Philippines,,
MOLIMA,,,Papua New Guinea,
MOLOF,,,,
MOMARE,,,Papua New Guinea,
MOMBUM,Indonesia,Indonesia,,
MON,Laos; Thailand,Laos; Thailand,,
MONGOL,,,Papua New Guinea,
MONI Dugindoga,Indonesia,,,
MONO ALU,,,Solomon Islands,
MONOM,Laos,Laos,,
MONUMBO,,,Papua New Guinea,
MOR,Indonesia,,,morm1235
MORAFA,,,Papua New Guinea,
MORAID,Indonesia,,,
MORAORI,Indonesia,,,
MORAWA,,,Papua New Guinea,
MORESADA,,,Papua New Guinea,
MORI,Indonesia,Sulawesi,,
MORI Saroako,,,,
MORI Watu - Karunsi,Indonesia,Sulawesi,,
MORIGI,,,Papua New Guinea,
MORIORI(Extinct),,,,
MOROUAS,,,,
MORTLOCKESE,,,,
MORWAP,,,,
MOS,Indonesia,,,
MOSIMO,,,Papua New Guinea,
MOSINA,,,Vanuatu,
MOTA,,,,mota1237
MOTLAV,,,,motl1237
MOTU,,,Papua New Guinea,
MOUNTAIN ARAPESH,,,Papua New Guinea,
MOUNTAIN KOIARI,,,Papua New Guinea,
MPI,Thailand,Thailand,,
MPOTOVORO,,,Vanuatu,
MRABRI,Laos,Laos,,
MUANG,Laos,Laos,,
MUGIL,,,Papua New Guinea,
MUK-THANG Dialects:Bidhawal,Australia,Australia,,
MUK-THANG Dialects:Muk-Thang(Brabiralung),Australia,Australia,,
MUK-THANG Dialects:Thangqual(Kratauatungalung),Australia,Australia,,
MUKAWA,,,Papua New Guinea,
MULAHA(Mulaha),,,Papua New Guinea,
MUNA,Indonesia,Sulawesi,,
MUNIT,,,Papua New Guinea,
MUNIWARA,,,Papua New Guinea,
MUNKIP,,,Papua New Guinea,mung1272
MUONG,Laos,Laos,,
MURIK,,,Papua New Guinea,
MURIK KY. L. Nanyuq,,,,
MURRINHPATHA,Australia,Australia,,
MURUPI,,,Papua New Guinea,
MUSAR,,,Papua New Guinea,
MUSIAN,,,Papua New Guinea,
MUSOM,,,Papua New Guinea,
MUTU,,,Papua New Guinea,
MUTUM,,,Papua New Guinea,
Ma,,,Papua New Guinea,
Ma'anyan,Indonesia,Borneo,,
Maba,Indonesia,Indonesia,,
Mai,,,Papua New Guinea,
Maie-Yesan,,,Papua New Guinea,
Mailuan family,,,Papua New Guinea,
Maiwa,Indonesia,Sulawesi,,
Majene,Indonesia,Sulawesi,,
Makada,,,,
Makale,Indonesia,Sulawesi,,
Makelai,Indonesia,Sulawesi,,
Maket,,,Papua New Guinea,
Makolkol,,,Papua New Guinea,
Makwei,Indonesia,,,
Malageti,,,Solomon Islands,
Malamuni,,,Papua New Guinea,
Malayan Group,Indonesia,Indonesia,,
Maligan Tagal,,,,
Malom,,,Papua New Guinea,
Mamasa,Indonesia,Sulawesi,,
Mambar,,,Papua New Guinea,
Mamusi,,,Papua New Guinea,
Mangarayan Family-Level Isolate,Australia,Australia,,
Mangerrian Family,Australia,Australia,,
Mangki,Indonesia,Sulawesi,,
Manikion,Indonesia,,,
Manoa,,,Papua New Guinea,
Mantion,Indonesia,,,
Manuan,,,,
Maopa,,,Papua New Guinea,
Mapia,Indonesia,,,
Mapos,,,Papua New Guinea,
Mappa - Pana,Indonesia,Sulawesi,,
Maprik,,,Papua New Guinea,
Marau Malay,Indonesia,Borneo,,
Mareku,,,,
Marey,Indonesia,,,
Maria,,,Papua New Guinea,
Maric Group,Australia,Australia,,mari1445
Maru,Indonesia,,,
Masawa,,,Papua New Guinea,
Masingle,,,Papua New Guinea,
Matanai,Indonesia,Sulawesi,,
Matu,Indonesia,Borneo,,
Matupit,,,Papua New Guinea,
Maututu,,,Papua New Guinea,
Mbaloh,,,,
Mbolfle,Indonesia,,,
Mea,,,New Caledonia,
Medlpa,,,Papua New Guinea,
Megi,,,Papua New Guinea,
Melaripi-Kaipi,,,Papua New Guinea,
Meratus (Bukit) sd.,Indonesia,Borneo,,
Merau Malay,Indonesia,Borneo,,
Mesan,,,Papua New Guinea,
Mesi,,,Papua New Guinea,
Mid-Kemandoga,Indonesia,,,
Mid-Mbiyandoga,Indonesia,,,
Mid-Wahgi WAHGI,,,Papua New Guinea,
Mid-eastern  SOUTHERN TASMANIAN,Australia,Australia,,
Middle Bamu,,,Papua New Guinea,
Milikin sd.,Indonesia,Borneo,,
Minahasan Group,Indonesia,Sulawesi,,
Minginan Family-Level Isolate,Australia,Australia,,
Minjori,,,Papua New Guinea,
Minokok,,,,
Mio?,,,Papua New Guinea,
Mioko,,,,
Mirapu,,,Papua New Guinea,
Miu,,,Papua New Guinea,
Mogoni,,,,
Mokorua,,,Papua New Guinea,
Moli,,,Solomon Islands,
Molot,,,,
Mongolipa,,,Papua New Guinea,
Mono,,,,
Moreave Toaripi,,,Papua New Guinea,
Mori,,,Papua New Guinea,
Morigi-lokea,,,Papua New Guinea,
Mosana,Indonesia,Indonesia,,
Move,,,Papua New Guinea,
Mualang,Indonesia,Borneo,,
Mugin,Indonesia,,,
Mukah - Oya,Indonesia,Borneo,,
Mukumuga,Indonesia,,,
Mumeng,,,Papua New Guinea,
Muro,,,Papua New Guinea,
Muruwaric Group-Level Isolate,Australia,Australia,,
N Beami?,,,Papua New Guinea,
N Mendi(Angal),,,Papua New Guinea,anga1293
N-E KOIARI,,,Papua New Guinea,
N-W,Malaysia,North-Western Malaysia,,
N. ROGLAI,Laos,Laos,,
N.E. Costal,Indonesia,Indonesia,,
N.W Kewa,,,Papua New Guinea,
NABAK,,,Papua New Guinea,naba1256
NABI,Indonesia,,,
NAFRI,Indonesia,,,
NAGANE,,,Papua New Guinea,
NAGATMAN,,,Papua New Guinea,
NAGOVISI,,,Papua New Guinea,
NAHU,,,Papua New Guinea,
NAKE,,,Papua New Guinea,
NALCA,Indonesia,,,nalc1240
NALIK,,,Papua New Guinea,
NAMAKURAN,,,,
NAMBI,,,Papua New Guinea,
NAMBU,,,Papua New Guinea,
NAMIE,,,Papua New Guinea,
NAMONUITO,,,,
NAMUMI,,,Papua New Guinea,
NANKINA,,,Papua New Guinea,nank1250
NAPU,Indonesia,Sulawesi,,
NARA(POKAU),,,Papua New Guinea,
NARAK,,,Papua New Guinea,
NARANGO,,,,
NARAU,Indonesia,,,
NARI-NARI,Australia,Australia,,
NAROM Miri,,,,
NARRUNGGA,Australia,Australia,,
NASARIAN,,,Vanuatu,
NASIO,,,Papua New Guinea,
NAUBUAN,,,Nauru,
NAUETI/Naumik,East Timor,East Timor,,
NAUETI/Oso Moko,East Timor,East Timor,,
NAVUT,,,,
NDAO,Indonesia,,,
NDUGA,Indonesia,,,ndug1245
NDUKE,,,Solomon Islands,duke1237
NEDEBANG,East Timor,East Timor,,
NEKGINI,,,Papua New Guinea,
NEKO,,,Papua New Guinea,
NEKU,,,New Caledonia,neku1237
NEMI,,,New Caledonia,
NENGAYA,,,Papua New Guinea,
NENGONE,,,New Caledonia,neng1238
NERE,,,New Caledonia,
NETE,,,Papua New Guinea,
NEW ZALAND MAORI,,,,maor1246
NGADA,East Timor,East Timor,,ngad1261
NGADA/Central,Indonesia,,,cent2074
NGADA/Soa,Indonesia,,,
NGADA/South-Eastern,East Timor,East Timor,,east2464
NGADA/South-Western,East Timor,East Timor,,sout2884
NGADJURI,Australia,Australia,,ngad1257
NGAGU,Australia,Australia,,
NGAING,,,Papua New Guinea,
NGALA,,,Papua New Guinea,
NGALAKAN,Australia,Australia,,
NGALIWURU,Australia,Australia,,
NGALUM Ngaium,Indonesia,,,ngal1298
NGAMBAA,Australia,Australia,,
NGANYAYWA,Australia,Australia,,
NGARDI,Australia,Australia,,
NGARIAWAN,,,Papua New Guinea,
NGARLA,Australia,Australia,,ngar1296
NGEH,Laos,Laos,,
NGENKI-WUMERRI,Australia,Australia,,
NGUNAWAL,Australia,Australia,,
NGUNDANBI,Australia,Australia,,
NGUON,Laos,Laos,,
NHUWALA,Australia,Australia,,nhuw1239
NIAS/Eastern,Indonesia,Indonesia,,
NIAS/Sichule,Indonesia,Indonesia,,siku1242
NIAS/Western,Indonesia,Indonesia,,
NIMBORAN,Indonesia,,,
NIMI,,,Papua New Guinea,
NIMO Nakwi,,,Papua New Guinea,
NINGERA,,,Papua New Guinea,
NINGGIRUM Kasuwa,,,,
NINGI,,,Papua New Guinea,
NIRSAN(YALI),Indonesia,,,
NISA ?,,,,
NIUAFOOU,,,,
NIUE,,,Niue,
NO,Australia,Australia,Papua New Guinea,
NOKOPO,,,Papua New Guinea,
NOKUKU,,,,noku1237
NOMAD Samo,,,Papua New Guinea,
NOMANE,,,Papua New Guinea,
NOMU,,,Papua New Guinea,
NOOM,Indonesia,Indonesia,,
NORTH - EAST BARITO,Indonesia,Borneo,,
NORTH AMBRYM,,,Vanuatu,nort2839
NORTH ASMAT,Indonesia,,,
NORTH EASTERN PAMA,Australia,Australia,,
NORTH EFATE,,,Vanuatu,nort2836
NORTH KATI,Indonesia,,,
NORTH MAKAMA,,,Papua New Guinea,
NORTH NGALIK,Indonesia,,,
NORTH NUK,,,Papua New Guinea,
NORTH TANNA,,,Vanuatu,nort2847
NORTH-EASTERN MAIRASI ?,Indonesia,,,
NORTHERN BISAYA,,,,
NORTHERN CATANDUANES BIKOL,Philippines,Philippines,,
NORTHERN PAMA,Australia,Australia,,
NORTHERN TASMANIAN,Australia,Australia,,
NOTSI,,,Papua New Guinea,
NOTU,,,Papua New Guinea,
NUAULU,Indonesia,Indonesia,,
NUGUNU,Australia,Australia,,
NUKUMANU,,,,
NUKUORO,,,,
NUKURIA,,,,
NUMANGANG EAST,,,Papua New Guinea,
NUMANGANG WEST,,,Papua New Guinea,
NUME,,,Vanuatu,nume1241
NUNUNGAL,Australia,Australia,,
NUSALAUT,,,,
NYAHEUN,Laos,Laos,,
NYAKUR,Laos; Thailand,Laos; Thailand,,
"NYAMAL,INLAND",Australia,Australia,,nyam1271
NYANGGA,Australia,Australia,,
NYIGINA,Australia,Australia,,
Naguim A,,,Papua New Guinea,
Naguim B,,,Papua New Guinea,
Naguim C,,,Papua New Guinea,
Nahes Liah Bing MODANG,,,,
Nakkaran Family-Level Isolate,Australia,Australia,,
Nambeomon,Indonesia,,,
Nami,,,Papua New Guinea,
Narom p.,,,,
Natuna Besar,Indonesia,,,
Ndi,,,Solomon Islands,
Neget Besa,Indonesia,,,
Ngangurugu,Australia,Australia,,
Ngarinyeric-Yithayithic Grop,Australia,Australia,,
Ngarkat,Australia,Australia,,
Ngarowapum,,,Papua New Guinea,
Ngawait,Australia,Australia,,
Nginia,,,Solomon Islands,
Nhulunbuy,Australia,Australia,,
Nias/Eastern,Indonesia,,,
Nibong,,,,
Nigac,,,Papua New Guinea,
Nigubaiba,,,Papua New Guinea,
Nimo,,,Papua New Guinea,
Ninggirunt,,,,
Nll,,,Papua New Guinea,
Nodum,,,,
Norht KOMBIO,,,Papua New Guinea,
North  TIMBE,,,Papua New Guinea,
North & Central New Hebnides Group,,,Vanuatu,
North AIRO-SUMAGHAGHE,Indonesia,,,
North ASIENARA,Indonesia,,,
North Awin,,,Papua New Guinea,
North Balim,Indonesia,,,
North Boazi,,,Papua New Gu,
North DEDUA,,,Papua New Guinea,dedu1240
North FORE,,,Papua New Guinea,
North IRAHUTU,Indonesia,,,
North KANUM,Indonesia,,,
North KAUGAT,Indonesia,,,
North LOLODA,Indonesia,Indonesia,,
North MIGABAC,,,Papua New Guinea,miga1241
North MODOLE,Indonesia,Indonesia,,
North Mansap BUNA,,,Papua New Guinea,
North Mianmin(Wagarabi),,,,
North SAWUY,Indonesia,,,
North SELEPET,,,Papua New Guinea,sele1250
North URAT,,,Papua New Guinea,
North Western,,,,
North Western GIMAN,Indonesia,Indonesia,,
North YELMEK,Indonesia,,,
North Yey,Indonesia,,,
North-Eastern GIMAN,Indonesia,Indonesia,,
North-Western KWERBA,Indonesia,,,
North-Western PAWAIA,,,,
North-eastern  SOUTHERN TASMANIAN,Australia,Australia,,
North-eastern Awa,,,Papua New Guinea,
North-eastern KWERBA,Indonesia,,,
North-wahgi,,,Papua New Guinea,
Northern ALUNE,Indonesia,Indonesia,,
Northern East TURU,,,,
Northern GIDRA,,,,
Northern Kutai sd.,Indonesia,Borneo,,
Northern MABUIAG,,,,
Northern MOUNTAIN KOIARI,,,Papua New Guinea,
Northern TAIRORA,,,Papua New Guinea,
Northern TURU,,,,
Northern dialects,Indonesia,,,
Nufor,Indonesia,,,
Null,,,,
Nulu,,,,
Numba,,,Papua New Guinea,
Numee,,,New Caledonia,nume1242
Nunggubuyan Family-Level Isolate,Australia,Australia,,
Nyamok,,,,
Nyaura,,,Papua New Guinea,
Nyawaygic Group,Australia,Australia,,nyaw1248
Nyeku TOBARU,Indonesia,Indonesia,,
Nyulnyulan Family,Australia,Australia,,
OBO MANOBO,Philippines,Philippines,,
OIRATA,Indonesia,,,
OKSAPMIN,,,Papua New Guinea,oksa1245
OMATI,,,Papua New Guinea,
ONABASULU,,,Papua New Guinea,
ONE,,,Papua New Guinea,
ONG,Laos,Laos,,
ONIN,Indonesia,,,onin1245
ONJOB,,,,
OPAO,,,Papua New Guinea,
ORMU,Indonesia,,,
OROHA,,,Solomon Islands,
OROKOLO,,,Papua New Guinea,
OROWE,,,New Caledonia,
OSUM,,,Papua New Guinea,
OUMA,,,Papua New Guinea,
OWENA,,,Papua New Guinea,
OWINIGA,,,Papua New Guinea,
Oba,Indonesia,,,
Obura,,,Papua New Guinea,
Oga Bakung,,,,
Oibu,,,Papua New Guinea,
Ok Bab,Indonesia,,,
Oko,,,,
Omene,,,Papua New Guinea,
Omo,,,,
Ongac,,,Papua New Guinea,
Ono,,,Papua New Guinea,
Orang Hulu,Malaysia,Malaysia,,
Orang Kanaq,Malaysia,Southern Malaysia,,
Orang Seletar,Malaysia; Singapore,Singapore; Southern Malaysia,,
Oruone,,,Papua New Guinea,
Other ?,,,Papua New Guinea,
Oyana,,,Papua New Guinea,
P. APUT,,,,
P. Basap,,,,
P. Batu,,,,
P. Kelai,Indonesia,Borneo,,
P. MERAH,Indonesia,Borneo,,
P. MERAP,,,,
P. NIBONG P. Lanying,,,,
P. NIBONG Sipeng,,,,
P. Oho,,,,
P. Penjalin,,,,
P. Poh,,,,
P. Ratah,,,,
P. Sajau,,,,
P. Segah,,,,
P. Silat,,,,
P. TUBU K.?,,,,
P. Ukit,,,,
PA,,,Papua New Guinea,
PA'UMOTU,,,,
PAAFANG,,,,
PAAMA,,,,
PACOH,Laos,Laos,,
PAGI,,,Papua New Guinea,
PAGU lsam,Indonesia,Indonesia,,
PAHI,,,Papua New Guinea,
PAI,,,Papua New Guinea,
PAICI,,,New Caledonia,paic1239
PAIWAN,Taiwan,Taiwan,,
PAK TAY,Thailand,Thailand,,
PAKA,,,Papua New Guinea,
PALAUAN,Palau,United States,,
PALAWENO,Philippines,Philippines,,
PALLANGANM DDANG,Australia,Australia,,
PALU'E,Indonesia,,,
PAMONA,Indonesia,Sulawesi,,pamo1252
PAMONA Ampana,Indonesia,Sulawesi,,ampa1240
PAMONA Batui,Indonesia,Sulawesi,,
PAMONA Belala,Indonesia,Sulawesi,,
PAMONA Laiwonu,Indonesia,Sulawesi,,laiw1240
PAMONA Pu'u Mboto,Indonesia,Sulawesi,,puum1234
PAMONA Sinihoan,Indonesia,Sulawesi,,
PAMONA Sinohoan,Indonesia,Sulawesi,,sino1247
PANGASINAN,Philippines,Philippines,,
PANIM,,,Papua New Guinea,
PAONDA,,,Papua New Guinea,
PAPASENA,,,,
PAPI,,,,
PAPORA,Taiwan,Taiwan,,
PAPUAN,Indonesia,,,
PARANAN,Philippines,Philippines,,
PARAWEN,,,Papua New Guinea,
PASI,,,,
PASISMAUNA Eastern Inland,,,Papua New Guinea,
PATANI,Indonesia,Indonesia,,
PAULOH,Indonesia,Indonesia,,
PAUWI,Indonesia,,,
PAY,,,Papua New Guinea,
PAYNAMAR,,,Papua New Guinea,
PAZEH,Taiwan,Taiwan,,
PEAR,Laos,Laos,,
PERAMANGK,Australia,Australia,,
PHALO,Thailand,Thailand,,
PHANG,Thailand,Thailand,,
PHAY,Laos,Laos,,
PHNAN,Laos,Laos,,
PHU YAI,Laos,Laos,,
PHUONG,Laos,Laos,,
PIAMATSINA,,,,
PIAME,,,Papua New Guinea,
PIJE,,,New Caledonia,
PILA,,,Papua New Guinea,
PILENI Taumako,,,,
PINAI,,,Papua New Guinea,
PINGILAPESE,,,,
PINTUPI,Australia,Australia,,pint1254
PIPIKORO,Indonesia,Sulawesi,,
PITU ULUNNA SALO,Indonesia,Sulawesi,,
PIU,,,Papua New Guinea,
POGAIA,,,Papua New Guinea,
POLONOMBAUK,,,,
PONAPEAN,,,Federated States of Micronesia,
PONDOMA,,,Papua New Guinea,
PONG1,Laos,Laos,,
PONG3,Laos,Laos,,
PONOSAKAN,Indonesia,Sulawesi,,
POROME,,,Papua New Guinea,
PORT SANDWITH,,,Vanuatu,
PORT VATO,,,Vanuatu,
PRAY/PHAY,Laos,Laos,,
PUARI,,,Papua New Guinea,
PUKAPUKA,,,,
PULABU,,,Papua New Guinea,
PULIF,,,Papua New Guinea,
PULUWAT,,,,
PURAGI,Indonesia,,,
PURARI,,,Papua New Guinea,
PUTOH,,,,
PUYUMA,Taiwan,Taiwan,,
PUYUMA_Nanwang,Taiwan,Taiwan,,
PWAAMEI,,,New Caledonia,
PWAPWA,,,New Caledonia,pwap1237
PYU,,,,
Padiaua,Indonesia,Indonesia,,
Padoe MORI,Indonesia,Sulawesi,,
Pahu,Indonesia,Borneo,,
Paitanic Subgroup,,,,
Pakuli,Indonesia,Sulawesi,,
Pala,,,Papua New Guinea,
Palakka,Indonesia,Sulawesi,,
Palaw,Burma,,,
Paluan p. sd.,,,,
Paman Group,Australia,Australia,,
Pandewan,,,,
Paniai,Indonesia,,,
Papar 1 sd.,,,,
Papua New Guinea,,,,
Parb,,,Papua New Guinea,
Parce,,,Papua New Guinea,
Parepare,Indonesia,Sulawesi,,
Parigi,Indonesia,Sulawesi,,
Paripau,,,Solomon Islands,
Paruwa,,,Papua New Guinea,
Pasir Malay,Indonesia,Borneo,,
Patep,,,Papua New Guinea,
Patpatar,,,Papua New Guinea,
Pauia,,,,
Pekawa,Indonesia,Sulawesi,,
Penan Apo P. NIBONG,,,,
Pinata,,,Papua New Guinea,
Pirimi,,,Papua New Guinea,
Piru,Indonesia,Indonesia,,
Pirupiru,,,Papua New Guinea,
Pitoni,,,Papua New Guinea,
Pnsiangan Murut,,,,
Poko,,,Papua New Guinea,
Poleo,,,Solomon Islands,
Pumani,,,Papua New Guinea,
Punan Gang P. NIBONG,Indonesia,Borneo,,
Punan Lusong,,,,
Pupitau,,,Papua New Guinea,
Putatan sd.,,,,
RAEPA TATI,,,Papua New Guinea,
RAGA,,,Vanuatu,
RAJAH,Philippines,Philippines,,
RAMPI,Indonesia,Sulawesi,,
RAO,,,Papua New Guinea,
RAPA,,,,
RAPTING,,,Papua New Guinea,
RATAHAN,Indonesia,Sulawesi,,
RAUTO,,,Papua New Guinea,
RAWA,,,Papua New Guinea,rawa1267
RAWO,,,Papua New Guinea,
REJANG,Indonesia,Indonesia,,reja1240
REJANG KAYAN Dialects/Long Badan,,,,long1408
REJANG KAYAN Dialects/Long Geng,Indonesia,Borneo,,long1410
REJANG KAYAN Dialects/Long Kehobo,Indonesia,Borneo,,long1411
REJANG KAYAN Dialects/Long Murun,Indonesia,Borneo,,long1409
REJANG KAYAN Dialects/Ma'Aging,,,,maag1237
REJANG KAYAN Dialects/Uma Daro,Indonesia,Borneo,,umad1241
REJANG KAYAN Dialects/Uma Juman,,,,umaj1240
REMPI,,,Papua New Guinea,remp1241
RENGAO,Laos,Laos,,
RENNELLESE,,,Solomon Islands,
REPANBITIP,,,Vanuatu,
RERE[,,,Vanuatu,
RHADE,Laos,Laos,,
RIANTANA,Indonesia,Indonesia,,
RINCONADA BIKOL,Philippines,Philippines,,
RIRIO,,,Solomon Islands,
RIUNG,East Timor,East Timor,,
ROCKY PEAK,,,Papua New Guinea,
ROINDJI,,,Papua New Guinea,
ROMBLON,Philippines,Philippines,,romb1245
ROMBLON_Dispohol,Philippines,Philippines,,
ROMKUN,,,Papua New Guinea,
RON,Indonesia,,,roon1237
RORIA,,,,
ROTI,East Timor; Indonesia,East Timor,,
"ROTI,TIMCRESE,SAVU",Indonesia,Indonesia,,
ROTOKAS,,,Papua New Guinea,
ROTUMAN,,,,
ROVIANA,,,Solomon Islands,
RUKAI_Rukai,Taiwan,Taiwan,,
RUKAI_Three Villages,Taiwan,Taiwan,,
RUNGUS,,,,
Rai,Laos,Laos,,
Raluana,,,Papua New Guinea,
Rantepao,Indonesia,Sulawesi,,
Rawo,,,Solomon Islands,
Rebar,,,Papua New Guinea,
Remboken,Indonesia,Sulawesi,,
Rihu'a,,,Solomon Islands,
Rokunoi,,,Papua New Guinea,
Rungus p,,,,
Rungwayap,Indonesia,,,
S-E KOIARI,,,Papua New Guinea,
S. -E. BARITO,Indonesia,Borneo,,
S. BISAYA,,,,
S. ROGLAI,Laos,Laos,,
S.E.Kewa,,,Papua New Guinea,
S.Kewa(Pole),,,Papua New Guinea,
S.Mendi(S.Angal Heneng),,,Papua New Guinea,anga1294
S.W.TANNA,,,Vanuatu,sout2869
SA,,,Vanuatu,
SA'BAN,,,,
SA'DAN Rongkong,Indonesia,Sulawesi,,
SAEK,Laos,Laos,,
SAEP,,,Papua New Guinea,saep1240
SAFEYOKA(AMPALE) Wojokeso,,,Papua New Guinea,
SAHU,Indonesia,Indonesia,,
SAIPAN,,,Northern Mariana Islands,
SAISIYAT_Northern,Taiwan,Taiwan,,
SAISIYAT_Southern,Taiwan,Taiwan,,
SAKAO,,,,saka1289
SAKI,,,Papua New Guinea,
SALEMAN,Indonesia,Indonesia,,
SALT-YUI,,,Papua New Guinea,
SALUAN,Indonesia,Sulawesi,,
SAMA CENTRAL,Philippines,Philippines,,
SAMA SIBUGUEY,Philippines,Philippines,,
SAMA SOUTH,Philippines,Philippines,,
SAMA WEST,Philippines,Philippines,,
SAMAR-LEYTE(L-complex?),Philippines,Philippines,,
SAMAROKENA,Indonesia,,,
SAMOAN,,,Samoa,
SAMOSA,,,Papua New Guinea,
SAMRE,Kampuchea,Kampuchea,,
SANGIR,Indonesia,Sulawesi,,
SANGKE,Indonesia,,,
SANIO,,,Papua New Guinea,
SAOCH,Kampuchea,Kampuchea,,
SAPARUA,Indonesia,Indonesia,,
SAPUAN/SOK/CHENG,Laos,Laos,,
SARAM,,,Papua New Guinea,saka1292
SARANGANI MANOBO,Philippines,Philippines,,
SARUGA,,,Papua New Guinea,
SASAK/Central,Indonesia,Indonesia,,
SASAK/North,Indonesia,Indonesia,,
SASAK/North-Eastern,Indonesia,Indonesia,,
SASAK/South-Eastern,Indonesia,Indonesia,,
SASAWA,Indonesia,,,
SATAWALESE,,,,
SAU,,,Papua New Guinea,
SAURI?,Indonesia,,,
SAUSE,,,,
SAUSI,,,Papua New Guinea,
SAVOSAVO,,,,
SAVU,Indonesia,Indonesia,,sabu1255
SAVU/Liae,Indonesia,Indonesia,,liae1237
SAVU/Seba,Indonesia,Indonesia,,seba1248
SAVU/Timu,Indonesia,,,timu1261
SAWAI,Indonesia,Indonesia,,
SEAT,,,Papua New Guinea,
SEDANG,Laos,Laos,,
SEDOA,Indonesia,Sulawesi,,
SEGAI Bolongan,,,,
SEGET,Indonesia,,,
SEKE,,,Vanuatu,
SEKO,,,,
SELARU,Indonesia,Indonesia,,sela1259
SELUNGAI MURUT,,,,
SELWASA,Indonesia,Indonesia,,selu1242
SEMAI,Malaysia,Malaysia; Southern Malaysia,,sema1266
SEMAI/Betau,Malaysia,Malaysia,,beta1249
SEMAI/Bidor,Malaysia,Malaysia,,bido1238
SEMAI/Bil,Malaysia,Malaysia; Southern Malaysia,,bill1238
SEMAI/Cameron H. lands,Malaysia,Malaysia,,came1250
SEMAI/Jelai,Malaysia,Malaysia,,jela1244
SEMAI/Kampar,Malaysia,Malaysia,,uluk1256
SEMAI/Lipis,Malaysia,Malaysia,,lipi1238
SEMAI/Orang Tanjong of Langat,Malaysia,Malaysia,,oran1256
SEMAI/Perak I,Malaysia,Southern Malaysia,,pera1255
SEMAI/Sungkai,Malaysia,Malaysia,,sung1267
SEMAI/Telom,Malaysia,Malaysia,,telo1238
SEMAQ BERI,Malaysia,Malaysia,,
SEMAQ BERI/SEMELAI,Malaysia,Southern Malaysia,,
SEMBAKUNG,,,,
SEMELAI,Malaysia,Malaysia,,seme1246
SEMELAI/Biduanda of Chiong,Malaysia,Southern Malaysia,,
SEMELAI/Semaq Palong,Malaysia,Malaysia,,
SEMELAI/Semelai,Malaysia,Southern Malaysia,,seme1247
SEMELAI/Temoq,Malaysia,Malaysia,,temo1243
SEMIMI,Indonesia,,,
SEMPAN,Indonesia,,,
SENE,,,Papua New Guinea,sene1263
SENGGI,Indonesia,,,
SENTANI Central,Indonesia,,,
SEPA,,,Papua New Guinea,
SEPEN,,,Papua New Guinea,
SERA,,,Papua New Guinea,
SERUDUNG,,,,
SETAMAN,,,Papua New Guinea,
SETI,Indonesia,Indonesia,,
SEWA BAY,,,Papua New Guinea,
SHAN,Burma; Thailand,Thailand,,
SHARKBAY,,,,
SIAGHA-YENIMU,Indonesia,,,
SIALUM,,,Papua New Guinea,
SIBOMA,,,Papua New Guinea,
SIE,,,Vanuatu,siee1239
SIHAN,,,Papua New Guinea,
SIKAIANA,,,,
SIKKA/Central,East Timor,East Timor,,sara1324
SIKKA/South Coast,East Timor,East Timor,,sikk1243
SIKKA/Tana Ai,East Timor,East Timor,,tana1283
SILA,Laos,Laos,,
SILAKAU,Indonesia,Borneo,,
SILEIBI,,,Papua New Guinea,
SILISILI,,,Papua New Guinea,
SILOPI,,,Papua New Guinea,
SILPUT,,,Papua New Guinea,
SIMALUNGAN,Indonesia,Indonesia,,
SIMBARI,,,Papua New Guinea,
SIMBO,,,,
SIMEULUE/Eastern,Indonesia,Indonesia,,
SIMEULUE/Western,Indonesia,Indonesia,,
SIMOG,,,Papua New Guinea,
SINAGORO,,,Papua New Guinea,
SINASINA Tabare,,,Papua New Guinea,
SINGGIE,Indonesia,Borneo,,
SINSAURU,,,Papua New Guinea,
SIO,,,Papua New Guinea,
SIRA,,,Papua New Guinea,siar1238
SIRAK,,,,
SIRASIRA,,,Papua New Guinea,
SIRAYAY_Siraya,Taiwan,Taiwan,,
SIRAYA_Lamai,Taiwan,Taiwan,,
SIRAYA_Makatao,Taiwan,Taiwan,,
SIRAYA_Taivoan,Taiwan,Taiwan,,
SIRIO,,,Papua New Guinea,
SIRKAI,Indonesia,,,
SIROI,,,Papua New Guinea,
SIROMI?,Indonesia,,,
SISSANO,,,Papua New Guinea,
SKOITUMAWO,Indonesia,,,
SLTI,,,Papua New Guinea,
SO,Laos; Thailand,Laos; Thailand,,
SOBEI,Indonesia,,,
SOLOS,,,Papua New Guinea,
SOM,,,Papua New Guinea,
SOMAHAI,Indonesia,,,
SOME,,,Papua New Guinea,
SOMRAY/CHONG,Laos,Laos,,
SONA(KANASI),,,Papua New Guinea,
SONGUM,,,Papua New Guinea,
SONIA,,,Papua New Guinea,
SONSOROLESE,,,,
SOUTH BUTON,Indonesia,Sulawesi,,
SOUTH FEATE,,,Vanuatu,sout3196
SOUTH KATI,Indonesia,,,
SOUTH MAKAMA,,,Papua New Guinea,
SOUTH MALAITAN,,,,
SOUTH NGALIK,Indonesia,,,
SOUTH NUK,,,Papua New Guinea,
SOUTH WEST BAY,,,Vanuatu,
SOUTH-EAST AMBRYM,,,Vanuatu,sout2859
SOUTH-West Group,Australia,Australia,,
SOUTHERN BISAYA,,,,
SOUTHERN KIWAI,,,,
SOUTHERN bAAGANDJI,Australia,Australia,,
SOWA,,,Vanuatu,
SRUK,,,Papua New Guinea,
STANDARD BIKOL,Philippines,Philippines,,
SUAU,,,Papua New Guinea,suau1242
SUBANUN,Philippines,Philippines,,
SUENA,,,Papua New Guinea,suen1241
SUKI,,,Papua New Guinea,
SUKURUM,,,Papua New Guinea,
SULKA,,,Papua New Guinea,
SUMAMBU - TAGAL Rundum Murut,,,,
SUMARIUI,,,Papua New Guinea,
SUMARIUR,,,Papua New Guinea,
SUMATRA MALAY,Indonesia; Malaysia,Indonesia; Malaysia,,
SUMATRA MALAY/Aji,Indonesia,Indonesia,,
SUMATRA MALAY/Bangka,Indonesia,,,bang1365
SUMATRA MALAY/Belide,Indonesia,Indonesia,,
SUMATRA MALAY/Belitung,Indonesia,,,
SUMATRA MALAY/Bengkulu,Indonesia,Indonesia,,beng1290
SUMATRA MALAY/Besemah,Indonesia,Indonesia,,
SUMATRA MALAY/Daya,Indonesia,Indonesia,,
SUMATRA MALAY/Enim,Indonesia,Indonesia,,enim1238
SUMATRA MALAY/Kayu Agung,Indonesia,Indonesia,,
SUMATRA MALAY/Kubu,Indonesia,,,
SUMATRA MALAY/Lematang,Indonesia,Indonesia,,
SUMATRA MALAY/Lembak,Indonesia,Indonesia,,
SUMATRA MALAY/Lintang,Indonesia,Indonesia,,lint1237
SUMATRA MALAY/Musi,Indonesia,Indonesia,,
SUMATRA MALAY/Ogan,Indonesia,Indonesia,,ogan1237
SUMATRA MALAY/Palembang,Indonesia,Indonesia,,
SUMATRA MALAY/Penesak,Indonesia,Indonesia,,
SUMATRA MALAY/Ranau,Indonesia,Indonesia,,
SUMATRA MALAY/Rawas,Indonesia,Indonesia,,
SUMATRA MALAY/Riau,Indonesia,,,
SUMATRA MALAY/Semendo,Indonesia,Indonesia,,seme1248
SUMATRA MALAY/Serawai,Indonesia,Indonesia,,sera1272
SUMATRA MALAY/Sindang Kelingi,Indonesia,Indonesia,,
SUMAU,,,Papua New Guinea,
SUMBAWA,Indonesia,Indonesia,,sumb1241
SUNDANESE/Central-Eastern,Indonesia,Indonesia,,
SUNDANESE/North-Eastern,Indonesia,Indonesia,,
SUNDANESE/Northern,Indonesia,Indonesia,,
SUNDANESE/South-Eastern,Indonesia,Indonesia,,
SUNDANESE/Southern,Indonesia,Indonesia,,
SUNDANESE/Western,Indonesia,Indonesia,,
SUOY,Kampuchea,Kampuchea,,
SURIGAONON,Philippines,Philippines,,
SURSURUNGA,,,Papua New Guinea,surs1246
SUWAWA,Indonesia,Sulawesi,,
Sa'a,,,Solomon Islands,
Safrontani,Indonesia,,,
Salalir,,,,
Salayar,Indonesia,Sulawesi,,
Salmeyt,Indonesia,,,
Samihim,Indonesia,Borneo,,
Sampantabil,,,Papua New Guinea,
Sangangalla,Indonesia,Sulawesi,,
Saparua,Indonesia,Indonesia,,
Sar. M.,,,,
Sarawak Malay,Indonesia,Borneo,,
Sariba,,,,
Sarikei,Indonesia,Borneo,,
Saroa,,,Papua New Guinea,
Sausu,Indonesia,Sulawesi,,
Sawitto,Indonesia,Sulawesi,,
Sawyat,Indonesia,,,
Sayfi,Indonesia,,,
Sebuyau sd.,Indonesia,Borneo,,
Seim,,,Papua New Guinea,
Seit-Kaitetu,Indonesia,Indonesia,,
Sengseng,,,Papua New Guinea,
Seoutan,,,,
Sepa,Indonesia,Indonesia,,
Sepoe,,,Papua New Guinea,
Setiali,,,Papua New Guinea,
Sewar,Indonesia,,,
Sfaryere,Indonesia,,,
Siagha,Indonesia,,,
Sian,Indonesia,Borneo,,
Sibu,,,,
Sidenreng,Indonesia,Sulawesi,,
Sigi,Indonesia,Sulawesi,,
Siligi,,,Papua New Guinea,
Sillanan Gandangbatu,Indonesia,Sulawesi,,
Simberi,,,,
Simiso,,,Papua New Guinea,
Simori,Indonesia,,,
Sinak,Indonesia,,,
Sinaki,,,Papua New Guinea,
Singorokai,,,Papua New Guinea,
Sisiame,,,Papua New Guinea,
Sohe,,,Papua New Guinea,
Sokeni,Indonesia,,,
Sokhok ?,,,Papua New Guinea,
Sokirik,,,Papua New Guinea,
Sopese,,,Papua New Guinea,
Soppeng,Indonesia,Sulawesi,,
South AIRO-SUMAGHAGHE,Indonesia,,,
South ARAPESH,,,Papua New Guinea,
South ASIENARA,Indonesia,,,
South Awin,,,Papua New Guinea,
South Boazi,,,,
South Central TIMBE,,,Papua New Guinea,
South DEDUA,,,Papua New Guinea,dedu1240
South Eastern TURU,,,,
South FORE,,,Papua New Guinea,
South IRAHUTU,Indonesia,,,
South KANUM,,,,
South KAUGAT,Indonesia,,,
South KOMBIO,,,Papua New Guinea,
South LOLODA,Indonesia,Indonesia,,
South MANSAP buna,,,Papua New Guinea,
South MIGABAC,,,Papua New Guinea,miga1241
South MODOLE,Indonesia,Indonesia,,
South MONI,Indonesia,,,
South Mianmin,,,Papua New Guinea,
South SAWUY,Indonesia,,,
South SELEPET,,,Papua New Guinea,sele1250
South URAT,,,Papua New Guinea,
South YELMEK,Indonesia,,,
South YEY,Indonesia,,,
South-West Group,Australia,Australia,,
South-Wester Family,Laos,Laos,,
South-Western Family,Laos,Laos,,
South-eastern  SOUTHERN TASMANIAN,Australia,Australia,,
Southeastern IRAHUTU,Indonesia,,,
Southern ALUNE,Indonesia,Indonesia,,
Southern Awa,,,Papua New Guinea,
Southern GIDRA,,,Papua New Guinea,
Southern GIMAN,Indonesia,Indonesia,,
Southern KUNIMAIPA,,,Papua New Guinea,
Southern KWERBA,Indonesia,,,
Southern MOUNTAIN KOIARI,,,Papua New Guinea,
Southern TAIRORA,,,Papua New Guinea,
Southern TIGAK,,,Papua New Guinea,
Southern TURU,,,,
Suasiu,,,,
Sugut Kao'azan,,,,
Sui,,,Papua New Guinea,
Sulawesi,Indonesia,Indonesia,,
Suluk,,,,
Suri,,,Papua New Guinea,
Swart Valley,Indonesia,,,
T,Burma; Thailand,Thailand,,
TACRI SO,,,,
TADYAWAN,Philippines,Philippines,,
TAGABAWA,Philippines,Philippines,,
TAGAKAULU,Philippines,Philippines,,
TAGALOG,Philippines,Philippines,,
TAHITIAN,,,,tahi1242
TAHOI,Laos,Laos,,
TAI LOI,Laos,Laos,,
TAIKAT,Indonesia,,,
TAIRAP,Indonesia,,,
TAKIA,,,Papua New Guinea,taki1248
TAKUA,Laos,Laos,,
TAKUU,,,,
TAMBANUA,,,,
TAMBOTALO,,,,
TAMPUAN,Laos,Laos,,
TANAH MERAH,Indonesia,,,
TANDIA,Indonesia,,,
TANGLAPUI,East Timor,East Timor,,
TANGOA,,,,
TANGU,,,Papua New Guinea,
TANGUAT,,,Papua New Guinea,
TANI,,,Papua New Guinea,
TANJONG,,,,
TAO-SUAMATO,,,Papua New Guinea,
TAOGWE,,,,
TAOKAS,Taiwan,Taiwan,,
TAORI-KEI,,,,
TARENG,Laos,Laos,,
TAROF,Indonesia,,,
TARPIA,Indonesia,,,tarp1240
TARUNGGARE,Indonesia,,,
TASMATE,,,,
TATANA,,,,
TATMUL Palimber,,,Papua New Guinea,
TAUADE,,,Papua New Guinea,
TAULIL,,,Papua New Guinea,
TAUNA,,,Papua New Guinea,
TAUPOTA,,,Papua New Guinea,
TAUSUG,Philippines,Philippines,,
TAUYA,,,Papua New Guinea,tauy1241
TAWORTA,,,,
TAY,Vietnam,Vietnam,,
TBOLI,Philippines,Philippines,,
TEBILUNG,,,,
TELEFOL,,,Papua New Guinea,
TEMIAR,Malaysia,Malaysia,,
TEMIAR/Northern,Malaysia,Malaysia,,
TEMIAR/Southern,Malaysia,North-Western Malaysia,,
TEOP,,,Papua New Guinea,
TERI,,,Papua New Guinea,
TERNATE,,,,
TETUN,East Timor,East Timor,,
TETUN/Eastern Tetun,East Timor,East Timor,,
TETUN/N,East Timor,East Timor,,
TETUN/Soibada,East Timor,East Timor,,
TETUN/Western Tetun,East Timor,East Timor,,
TEUN,Indonesia,,,teun1241
TEWA,East Timor,East Timor,,
THAI,Thailand,Thailand,,
THAI DAM(LAO SONG),Laos,Laos,,
THAI KHAW,Laos/Vietnam; Vietnam,Vietnam,,
THAI-MALAY,Malaysia,Malaysia,,
THAO,Taiwan,Taiwan,,
THAVUNG,Laos,Laos,,
THAWA,Australia,Australia,,
TIANG,,,Papua New Guinea,
TIDONG,Indonesia,Indonesia,,
TIDORE,Indonesia,Indonesia,,
TIFAL,,,Papua New Guinea,
TIGAK Island,,,,
TIGWA MANOBO,Philippines,Philippines,,
TIKOPIA,,,,tiko1237
"TIMORESE/Amabi,Fatulau,Amfoan",East Timor,East Timor,,amfo1237
TIMORESE/Amanuban-Amanatun,East Timor,East Timor,,aman1264
TIMORESE/Ambenu(Vaikenu),East Timor,East Timor,,
TIMORESE/Biboki-Insana,East Timor,East Timor,,bibo1238
TIMORESE/Kusa-Manlea,East Timor,East Timor,,kusa1252
TIMORESE/Mollo-Miomafo,East Timor,East Timor,,moll1242
TIMORESE/ROTINESE,East Timor,East Timor,,
TIMPUTZ,,,Papua New Guinea,
TINA SAMBAL,Philippines,Philippines,,
TIRI,,,New Caledonia,tiri1258
TIRIO,,,Papua New Guinea,
TIRURAY,Philippines,Philippines,,
TOBA,Indonesia,Indonesia,,
TOBARU,Indonesia,Indonesia,,
TOBELO,Indonesia,Indonesia,,
TOBELO Boeng,Indonesia,Indonesia,,
TOBELO T,Indonesia,Indonesia,,
TOBLLO,Indonesia,Indonesia,,
TOBO,,,Papua New Guinea,
TODRAH,Laos,Laos,,
TOFAMNA,Indonesia,,,
TOKELAU,,,,toke1240
TOLA,,,Papua New Guinea,
TOLITOLI,Indonesia,Sulawesi,,
TOLOMAKO,,,,
TOMU,,,Papua New Guinea,
TONDA,,,Papua New Guinea,
TONDANO,Indonesia,Sulawesi,,
TONGA',Thailand,Thailand,,
TONGAN,,,,
TONGAREVA(PENRHYN),,,,
TONSEA,Indonesia,Sulawesi,,
TONTEM BOAN,Indonesia,Sulawesi,,
TORAU,,,Papua New Guinea,
TOWEI,Indonesia,,,
TRI,Laos,Laos,,
TRUKESE,,,,
TSOU_Duhtu,Taiwan,Taiwan,,
TSOU_KANAKANABU,Taiwan,Taiwan,,
TSOU_SAAROA,Taiwan,Taiwan,,
TSOU_Tapangu,Taiwan,Taiwan,,
TSOU_Tfuea,Taiwan,Taiwan,,
TUKUDEDE/Keha,East Timor,East Timor,,
TUM,Laos,Laos,,
TUMLEO,,,Papua New Guinea,
TUMUIP,,,Papua New Guinea,
TUNJUNG,Indonesia,Borneo,,
TURAKA,,,Papua New Guinea,
TUTONG,,,,
TUTUBA,,,,
TUVALU,,,Tuvalu,tuva1244
TUWARI,,,Papua New Guinea,
Tabar,,,,
Taboro,,,Papua New Guinea,
Tabu,,,Papua New Guinea,
Tabun sd.,,,,
Tais,,,Papua New Guinea,
Tala River,Indonesia,Indonesia,,
Talai,Indonesia,Indonesia,,
Talise,,,Solomon Islands,
Taman,,,,
Tamario,Indonesia,,,
Tamboki,Indonesia,Sulawesi,,
Tandai,,,Solomon Islands,
Tangga,,,,
Tanime,Indonesia,,,
Tarya,Indonesia,,,
Tasmanian,Australia,Australia,,
Tatau,,,,
Tati,,,Papua New Guinea,
Tatungaiung,Australia,Australia,,
Tau,,,Papua New Guinea,
Tebera,,,Papua New Guinea,
Tehijit,Indonesia,,,
Teli,Indonesia,,,
Teluti,Indonesia,Indonesia,,
Temate,Indonesia,Indonesia,,
Tempasuk,,,,
Temuan,Malaysia,Malaysia,,
Tengara,,,,
Termate,Indonesia,Indonesia,,
Thana-wurung,Australia,Australia,,
Tialo,Indonesia,Sulawesi,,
Tigi,Indonesia,,,
Timingir,,,Papua New Guinea,
Tinombo,Indonesia,Sulawesi,,
Tiwian Family-Level Isolate,Australia,Australia,,
To Rete,Indonesia,Sulawesi,,
To'abaita,,,Solomon Islands,toab1237
Tobelo,Indonesia,Indonesia,,
Tolo,,,Solomon Islands,
Tomani Sumambu,,,,
Tomohon,Indonesia,Sulawesi,,
Torricelli Phylum,,,Papua New Guinea,
Totore,,,Papua New Guinea,
Trabedesare,,,Papua New Guinea,
Trams-New Guinea Phylum,,,Papua New Guinea,
Trusan,,,,
Tsumin,,,Papua New Guinea,
Tublamo,,,Papua New Guinea,
Tuf,Indonesia,,,
Tugutil,Indonesia,Indonesia,,
Tulambatu,Indonesia,Sulawesi,,
Tupu,Indonesia,Sulawesi,,
Turatea,Indonesia,Sulawesi,,
UARIPI,,,Papua New Guinea,
UBIR,,,Papua New Guinea,
UFIM,,,Papua New Guinea,ufim1240
UGHELE,,,Solomon Islands,ughe1237
UGONG,Thailand,Thailand,,
UHUNDUNI,Indonesia,,,
UKURIGUMA,,,Papua New Guinea,
ULAU-SUAIN,,,Papua New Guinea,
ULINGAN,,,Papua New Guinea,
ULITHIAN,,,,
UMIREY DUMAGAT,Philippines,Philippines,,
UNANK,,,Papua New Guinea,
UNINO,,,Papua New Guinea,
UNUA,,,Vanuatu,
UPPER DIGUL R,Indonesia,,,
UPPER KAEME R?,Indonesia,,,
UPPER KINABATANGAN p.,,,,
UPPER MOREHEAD(ROUKU),,,Papua New Guinea,
URA,,,Vanuatu,urav1235
URIA,Indonesia,,,
URIANKERE,Indonesia,Indonesia,,
URIGINA,,,Papua New Guinea,
URIM,,,Papua New Guinea,
URIMO,,,Papua New Guinea,
URIPIV-WALA-RANO,,,Vanuatu,
URUANGNIRIN,Indonesia,,,
USARUFA,,,Papua New Guinea,
USKU,,,,
USU,,,,
UTU,,,Papua New Guinea,
UVOL,,,Papua New Guinea,
Uahita,,,Papua New Guinea,
Ubae,,,Papua New Guinea,
Uder,,,Papua New Guinea,
Ufia,,,Papua New Guinea,
Ugana,,,Papua New Guinea,
Ulawa,,,,
Ulu,Malaysia,Malaysia,,
Ulu Ai',,,,
Uma Bakah W.K.,Indonesia,Borneo,,
Uma Bem,,,,
Uma Jalam,,,,
Uma Tau,,,,
Uma Titai WAHAU K.,,,,
Umairof,,,Papua New Guinea,
Umwate,,,Papua New Guinea,
Ungarinjin Guwidj Wilawila Wolyamidi,Australia,Australia,,
Unggumi  Worord,Australia,Australia,,
Upper Limbang Adang sd.,,,,
Upper Limbang Ba Kelalan sd.,,,,
Upper Mori,Indonesia,Sulawesi,,
Upper Ugu,,,Papua New Guinea,
Upper Wania,Indonesia,,,
Urarna,,,Papua New Guinea,
Urita,,,Papua New Guinea,
Usen,,,Papua New Guinea,
Utam,,,,
Uwimmerah Digul,Indonesia,,,
VAGHUA,,,Solomon Islands,
VAIMAN,,,Papua New Guinea,
VALPEI,,,,valp1237
VANGUNU,,,Solomon Islands,vang1243
VANGUNU Mbareke,,,Solomon Islands,
VAO,,,Vanuatu,
VATRATA,,,Vanuatu,
VEHES,,,Papua New Guinea,
VIET,Laos,Laos,,
VIET/South,Kampuchea,Kampuchea,,
VINMAVIS,,,Vanuatu,
VORI,,,Papua New Guinea,
VOVO,,,Vanuatu,
VUNAPU,,,,vuna1239
Vamale,,,New Caledonia,vama1243
Varisi,,,Solomon Islands,
Vele,,,Papua New Guinea,
Vora,,,Papua New Guinea,
W-Coast,Indonesia,,,
W-Coast MARIND,Indonesia,,,
W.C. Central,,,Papua New Guinea,
W.K. L. Bangan,,,,
W.KENYAH Kemena Penan,,,,
W.Kewa,,,Papua New Guinea,
W.Mendi Heneng Nipa,,,Papua New Guinea,anga1292
W.lpili,,,Papua New Guinea,ipil1240
WA,Burma,,,
WAANYI,Australia,Australia,,
WAB,,,Papua New Guinea,
WABUDA,,,Papua New Guinea,
WADAGINAM,,,Papua New Guinea,
WADIGALI,Australia,Australia,,
WAFFA,,,Papua New Guinea,
WAFOPEN,Indonesia,,,waro1242
WAGAWAGA,,,Papua New Guinea,
WAGAYA,Australia,Australia,,
WAGIMAN,Australia,Australia,,
WAHAU KY,,,,
WAIA,,,Papua New Guinea,
WAIBUK Arama,,,Papua New Guinea,
WAILAPA,,,,
WAIMA'A,East Timor,East Timor,,
WAINA,,,Papua New Guinea,
WALIO,,,Papua New Guinea,
WAMAS,,,Papua New Guinea,
WAMBAYA,Australia,Australia,,
WAMBON,Indonesia,,,
WAMPAR,,,Papua New Guinea,
WAMPUR,,,Papua New Guinea,
WANAMBRE,,,Papua New Guinea,
WANDAMEN,Indonesia,,,wand1267
WANGGOM,Indonesia,,,
WANGKAJUNGKA,Australia,Australia,,
WANO,Indonesia,,,
WANOABONG,,,Papua New Guinea,
WANTOAT Central,,,Papua New Guinea,want1252
WANUKAKA/Rua,Indonesia,Indonesia,,
WANUKAKA/Wanukaka,Indonesia,Indonesia,,
WANUMA,,,Papua New Guinea,
WANYUBARLGU,Australia,Australia,,
WANYURR,Australia,Australia,,
WAPI,,,Papua New Guinea,
WARAPU,,,Papua New Guinea,
WARENBORI,Indonesia,,,ware1253
WARES ?,Indonesia,,,
WARIS,,,Papua New Guinea,
WARKAY,Indonesia,,,
WARLMANPA,Australia,Australia,,
WAROPEN,Indonesia,,,
WAROPEN Napan ?,Indonesia,,,
WARUMUNGU,Australia,Australia,,
WARWA,Australia,Australia,,
WASEMBO,,,Papua New Guinea,wase1252
WASI,,,Papua New Guinea,
WASKIA,,,Papua New Guinea,wask1241
WATAKATAUT,,,Papua New Guinea,
WATALUMA,,,Papua New Guinea,
WATHAWURUNG,Australia,Australia,,
WEDA,Indonesia,Indonesia,,
WEDAU,,,Papua New Guinea,
WELLKI,,,Papua New Guinea,
WEMALE,Indonesia,Indonesia,,
WERETAI,,,,
WERI Biaru-Waria,,,Papua New Guinea,
WEST BANTON_Looc-Alcantara,Philippines,Philippines,,
WEST BUKIDNON MANOBO,Philippines,Philippines,,
WEST LOU,,,Papua New Guinea,
WEST NET,,,Papua New Guinea,
WEST URII,,,Papua New Guinea,urii1240
WESTERN BANI Yamo,Indonesia,,,west2594
WESTERN FIJIAN,,,Fiji,
WETAMUT,,,Vanuatu,weta1242
WETAR/Hahutan,East Timor,East Timor,,
WETAR/Limera,East Timor,East Timor,,
WETAR/Tutunohan,East Timor,East Timor,,
WETAR/Welemur,East Timor,East Timor,,
WEYEWA/Lauli,Indonesia,Indonesia,,
WEYEWA/Laura,Indonesia,Indonesia,,
WEYEWA/Tana Righu,Indonesia,Indonesia,,
WEYEWA/Weyewa,Indonesia,Indonesia,,
WHITESANDS,,,Vanuatu,whit1269
WIAK,,,Papua New Guinea,
WILYAGALI,Australia,Australia,,
WIRADHURI,Australia,Australia,,wira1262
WIRU,,,Papua New Guinea,
WODANI,Indonesia,,,wola1243
WOGAMUSIN,,,Papua New Guinea,woga1249
WOGEO,,,,woge1237
WOISIKA,East Timor,East Timor,,
WOLEAIAN,,,,wole1240
WOLIO,Indonesia,Sulawesi,,
WOM,,,,
WOROPEN Napan,Indonesia,,,
WOTU,Indonesia,Sulawesi,,
WULI WULI,Australia,Australia,,wuli1242
WUSI,,,,wusi1237
WUTUNG,,,Papua New Guinea,wutu1244
Waamwang(extinct),,,New Caledonia,waam1236
Wagaya-Warluwaric Group,Australia,Australia,,
Wai,Indonesia,Indonesia,,
Waiamli,Indonesia,Indonesia,,
Wajo,Indonesia,Sulawesi,,
Waka-Kabic Group,Australia,Australia,,
Wakue,,,Papua New Guinea,
Wala MENDI,,,Papua New Guinea,anga1314
Walgalu,Australia,Australia,,
Wambon,Indonesia,,,wamb1259
Wamora,,,Papua New Guinea,wamo1241
Wana,,,Papua New Guinea,
Wania  KAMORO,Indonesia,,,
Wanigela,,,Papua New Guinea,wani1242
Wanji,Indonesia,Sulawesi,,
Wapon,,,Papua New Guinea,
Wapu,,,Papua New Guinea,wapu1240
Waraga,,,Papua New Guinea,wara1301
Warayan Family-Level Isolate,Australia,Australia,,
Warrim,Australia,Australia,,wori1245
Waru,,,,
Wased,,,Papua New Guinea,
Wat BERIK,Indonesia,,,
Watom,,,,
Watu,Indonesia,Sulawesi,,
Wemp,,,Papua New Guinea,
West,,,Papua New Guinea,
West Bird's Head Stock Level Family,Indonesia,,,
West Central,,,Papua New Guinea,
West Central Family,,,Papua New Guinea,
West GIMI,,,Papua New Guinea,
West KOI,,,Papua New Guinea,
West KOIARI,,,Papua New Guinea,
West Makian,,,,
West SENTANI,Indonesia,,,
West YAMBES,,,Papua New Guinea,
Western  SOUTHERN TASMANIAN,Australia,Australia,,
Western & Central  PAWAIA,,,Papua New Guinea,
Western BINE,,,Papua New Guinea,
Western BITARA,,,Papua New Guinea,
Western Coastal Malay,Indonesia,Borneo,,
Western GIZRA,,,Papua New Guinea,
Western IRIA,Indonesia,,,
Western KAMORO,Indonesia,,,
Western KARA,,,Papua New Guinea,
Western MOUNTAIN KOIARI,,,Papua New Guinea,
Western RORO,,,Papua New Guinea,
Western SABERI(ISIRAWA),Indonesia,,,
Western TANAHMERAH,Indonesia,,,
Western TIGAK,,,Papua New Guinea,
Western TURU,,,,
Westorn Coastal,,,Papua New Guinea,
Wideman R ?,Indonesia,,,
Wiga,,,Papua New Guinea,
Wingei,,,Papua New Guinea,
Wiradhuric Group,Australia,Australia,,
Wiwi Rano,,,,
Wodo,Indonesia,,,
Wosera ABELAM,,,Papua New Guinea,
Wowoni,Indonesia,Sulawesi,,
Wunambal Gambera Miwa,Australia,Australia,,
XARACUU,,,New Caledonia,xara1244
XARAGURE,,,New Caledonia,xara1243
XARUA,,,Papua New Guinea,
XINH MUL,Laos,Laos,,puoc1238
YABEN,,,Papua New Guinea,
YABIM,,,Papua New Guinea,
YABIO,,,Papua New Guinea,
YABONG,,,Papua New Guinea,yabo1240
YABULA YABULA,Australia,Australia,,yabu1234
YAFI,Indonesia,,,yafi1240
YAGARA,Australia,Australia,,yaga1262
YAGAWAK,,,Papua New Guinea,
YAGOMI,,,Papua New Guinea,
YAGWOIA,,,Papua New Guinea,
YAKAN,Philippines,Philippines,,
YAKNGE,,,Papua New Guinea,
YALARNNGIC,Australia,Australia,,yala1262
YALAYU,,,,
YALU,,,Papua New Guinea,
YAMALELE,,,Papua New Guinea,
YAMAP,,,Papua New Guinea,
YAMDENA//Southern,Indonesia,Indonesia,,yamd1240
YAMDENA/Northern,Indonesia,,,
YAMI,Taiwan,Taiwan,,
YANANG,,,Papua New Guinea,
YANDA,Australia,Australia,,yand1251
YANGULAM,,,Papua New Guinea,
YANIMO,,,Papua New Guinea,
YANINGARA,,,,
YANYUWA,Australia,Australia,YANYUWA,yany1243
YAO,China; Laos; Thailand; Vietnam,China; Laos; Thailand; Vietnam,,
YAO/MEO,Laos,Laos,,
YAPESE,,,,yape1248
YAPUNDA,,,Papua New Guinea,
YARADIAN,Indonesia,,,
YARAWATA,,,Papua New Guinea,
YARLUYANDI,Australia,Australia,,
YATE Keiayana,,,Papua New Guinea,
YAU,,,Papua New Guinea,yaum1237
YAUL,,,Papua New Guinea,maru1253
YAUR,Indonesia,,,yaur1239
YAVA,Indonesia,,,
YAWIYUHA,,,Papua New Guinea,
YAWURU,Australia,Australia,,
YAYGIR,Australia,Australia,,
YEGA(Yega),,,Papua New Guinea,
YEKORA,,,Papua New Guinea,
YERAKAI,,,Papua New Guinea,
YEREBA,,,Papua New Guinea,
YERETUAR,Indonesia,,,yere1243
YIDINY,Australia,Australia,,yidi1250
YIMAS,,,Papua New Guinea,
YIR,Laos,Laos,,
YIRANDHALI,Australia,Australia,,
YIS,,,Papua New Guinea,
YITHA-YITHA,Australia,Australia,,yith1234
YOBA,,,Papua New Guinea,yoba1237
YOIDIK,,,Papua New Guinea,yoid1240
YONGGOM,,,Papua New Gu,yong1280
YOTA YOTA,Australia,Australia,,yort1237
YOTAFA,Indonesia,,,
YU,,,Papua New Guinea,
YUAGA,,,New Caledonia,
YUGUL,Australia,Australia,,
YUGULDA,Australia,Australia,,
YURI,,,Papua New Guinea,yuri1250
YURUWINGA,Australia,Australia,,
Yalayu,,,New Caledonia,yala1265
Yandapo,,,Papua New Guinea,yand1259
Yangmanic Group,Australia,Australia,,
Yangoru A,,,Papua New Guinea,
Yangoru B,,,Papua New Guinea,
Yangoru C,,,Papua New Guinea,
Yangoru D,,,Papua New Guinea,
Yangoru E,,,Papua New Guinea,
Yanite,,,Papua New Guinea,
Yareban Family,,,Papua New Guinea,yare1250
Yarus,,,Papua New Guinea,
Yate,,,Papua New Guinea,inok1238
Yatfle,Indonesia,,,
Yayoponjo,,,Papua New Guinea,
Yibab,,,Papua New Guinea,
Yidinyic Group,Australia,Australia,,
Yiwaidjan Family,Australia,Australia,,
Yoliapi,,,,
Yotayotic Group,Australia,Australia,,
Yubanakor,,,Papua New Guinea,
Yuin-Kuric Group,Australia,Australia,,
Yuri,,,Papua New Guinea,yuri1250
ZAZAO,,,Solomon Islands,zaza1245
ZIA,,,Papua New Guinea,ziaa1250
Zenag,,,Papua New Guinea,zena1237
Ziew,,,Papua New Guinea,
Zomakani,,,Papua New Guinea,
Zuwadze,,,Papua New Guinea,
baiba,,,Papua New Guinea,
lkolu,,,Papua New Guinea,
mARALANGO,,,Papua New Guinea,mara1402
mumeng Yanta,,,Papua New Guinea,yant1237
